order_id,customer_id,order_value
00125cb692d04887809806618a2a145f,8afb90a97ee661103014329b1bcea1a2,135.41
00571ded73b3c061925584feab0db425,3c628393675b42c6b5ef89461f68ecef,389.82
006dd93155bc2abd844cc5eed3a0fe7f,1b9506de3da8fd318853195b13fb2dda,57.68
00946f674d880be1f188abc10ad7cf46,9583b047c90d4aa1c5c68b4065ba7f4e,232.72
00a0116ff15ff973ea16bee881208ae7,89a187407adfc8a32a4d6233a6a237d8,194.12
00bdcdda88e6b02977fc6ce3d412c600,45ba03e2c6bbb5dc48131ba32ec3ae5e,137.83
011b142c9e082a5c1d10e0a88cd9c8e8,0c7a95280b3f80eadd81c829e093dbec,297.20
0132451f29a10b66a5cf1bacc85f9afe,1c5b37d20011c637ad1a5b6d423c7483,215.56
01835ef41c5ac66dd9ec6084fa1d0533,6a4ea2081853cd8dd8d7c69cdf86925a,72.14
01855f880aae9a984c7c33b26fcf2e02,2e068340b3037f667ce3224bd59260af,95.52
0197cb265e2c84b9f89dfd784095d2f6,3971ac136496b4368c1431bb5bce0929,378.91
01a75ac3dd000b7628a684be97c29234,57ee2ef64f17a5f9a4bf30489b06326c,58.00
02610d88ac343ed64988d2706ce3ebfd,e7214f2cd8744c2d6d53e74e226ad9de,43.11
02aec12849744e266394182861265286,076dcea2eb6c8dbe9354f7c0d8670a00,210.64
02c371100bf54facae80322579c7fefb,ad6f2686bc9a43070103abf4021c6e35,59.24
0300095becf10f9b2993706759522741,05428560b11124d146bc86a2c4d5bf35,98.93
0341b60065c49221a27293793f11b117,cf4604a56d4e374de013f1ec35280d00,125.33
03f83b59e7c7355647462745b18119f1,c1865c11ead00a1bcd19971382032e8a,27.60
04040ee654b248cdc512a68ecc83e4cc,53379b14e4048e025dc5a2185f461bb7,275.19
0417dce62cd5791d3d0005ca971b2ba7,b0962d2b8c090ec26077939595a5b00a,47.03
0435b65bfd0a1cd1c48a82f5b405ea78,625784c6aad212dc7d249ea10e276617,154.14
0438fc3e115633e11a93c878a1591016,369ec69ef76c47e51980b88a5740dc1b,264.22
044d94a4ac73b24fe28ff5293ac35bd8,482d1baa7d2f9c4d4b54ae09215d39c8,65.53
045c9852284420b9c02d156436e1481c,16c0be52bf7bf9069c6fa0d850c660ac,55.13
04a59fe46fc5aa341da5378c195ed53c,2d8748fb35d51c2fd273ee67fff78b7a,75.18
05387d537bd2e5027aadbfb6a5123e4b,1fc77bb785f297743a18fac02b30de62,43.78
05ae7d6bd78e2a61f4c0076a9d690aa8,2e21846cd2112929ca821e9716281192,235.83
05d27719c66597da0628a53f6009ed67,243243e2638f6c85b2b5c38f5bf05b53,254.76
062d3e3b803bd3e569cf8c165602f8f4,84d818ae645c84264965bc603b1d173f,186.10
06661c686ea79767c8ab8b8ffa3e62fd,7f4b6c52e1e85f2e166d5f01ea86dec1,53.27
06875ab72c5b9bb2eb303a70031bfeb0,686ca7499141a82f95123c370af061b0,47.68
06a6627d9cc91a04e9d146bf65fee0a2,61449fa1b8b8998c9c3f3a7f0ae954ef,113.62
06ad94997dd34a7c2186b82d8e9be6a5,edc2830530b7d989c82121b21e1c229d,76.76
06ae7271902bbb087fc093137fee6e81,1a1b5f9e903aa3c203caf5cb63fca2b1,96.80
06bafdd8b6d0b5befb44337a7674a1ec,2b655432dbb2d5e62b02aee3eafada73,91.05
06d6b5a626ba890f56dae296e1384f75,565ab5b150fec651f51db8783d2e645a,165.80
06f3401b97e4d89032cbd5ac7670247c,31d79ded8b09c0a871f049c73f2d331f,171.62
0760a852e4e9d89eb77bf631eaaf1c84,d2a79636084590b7465af8ab374a8cf5,50.35
07a0bc58f3b841724c5b8c649da441d5,b70e717fe0599c3bf2f69725b26fdf8e,166.35
07fbc4f433fc8754c492bc6dfb0b1c52,6a562d22d4e2ce223ae7ad8bfd834ab0,116.13
08652363092b158440e2422e7c3ccaf4,03b3813a78be4cf5205e70977ad78d29,82.59
08763574782690116475ea62ffdecadb,a2f475be29f915fa902863f62308df8f,85.24
08bdbdeaf1626720051193300f93806e,7a3bd3b37285f0ab25983420cbd01f4e,473.12
08d55c0e173bdfa5770a50a253b1810f,ae5c099e4280d1e1623790fc42494309,131.02
08d70627d548cd883ac394cc5da92d87,05de5898b9da9365b1823e7fd23700c1,54.59
0917636d789ce3b3eac37895935af5c2,fcba45767e1f02cc6c09f78e21e4e643,85.14
096b267153128e0d7f9e593bba803956,df9432f68e31773dc4b20fb916f2f647,85.18
09bb35a3939c3181b4a5619cb3918976,b84438b09aa33a6e08673fe173f9796f,116.94
09d3f9f1be63c067456cc619076685a1,b6f05b99667a02c3722610a7bb6b4062,63.86
0a0ae1b561eab534493c5588efc5169c,090ad6d0d50a83c661a31538f2642cdf,325.93
0a0e7f9881dffec612b28e2682242574,2df6fa407bea6af2e165b3dc8355d382,169.49
0a4a2fccb27bd83a892fa503987a595b,6772a0a230a2667d16c3620f000e1348,63.34
0a7af36dc9b46e0920a68a9e2ee2198e,0fb85ae4e233e275790cba098c95c855,98.56
0ab63e307694f40a88a0ecd358c0939d,f239edc4401c9043a2c8f37fe164b273,163.13
0ac645ddb846d1373321decb39c9956f,46d8521966b3f64cce626dfc6b655d1a,134.66
0acdae809654a2de1235d18a12cf73f3,3180b241917d07e27bd46aac80ded579,66.07
0adf4c5c9a1399ceefdb7ba880df1ca7,eab22d3171e51fc2a3b380f5da7c7310,145.01
0ae7144116fa718b3bb90cd8d855713a,bb02acc51461fe7e45f7fdf63d18072c,133.02
0aea558128f1a96bd223babc4dc79bd3,daf457df7093e56187eda2050592817b,50.74
0b0f3c7a9bcb6ad1fccab28f9240da6f,7bb3b0d45b4e1a13cd914e4a135e6bd9,96.47
0b339dee90210409b715a9f2b6af29a7,fb7df68b487c7340f5a4e9c5d4ae3e73,1166.43
0b50bea7ba1e8ba7a21b01b7c9d1350b,8c976a55940af1dcecf9aac47249aca9,74.28
0b584b729bdfec204ec2aa5d21d6ca56,da2fbad9b2235c67c9bc7c7a274ee389,78.22
0bb0dd89956cc5f44ff556c2189e7160,db925a533d94cee42707026949892c7e,54.00
0bc4a984d79279c843421830f595273c,e93fa47188d998ecd355fdb87a5e62e3,85.52
0c228d925a49aa5e3b35febb948f4f72,ee4a4b5842e03fbaff366b9459e08b95,161.01
0c40dfe4127461031cfea37fb4c63856,812db10465ec8fed84262db66f615f87,169.51
0c6b011f8a4f87010c23995f5807d152,a78b75a2ad06180de06b82857ca442b3,66.02
0c91c4102d1858f4ced29970f55e54a0,ae8ed9c83d32613ae9f7e6c72443cdbb,56.86
0cb25b24a27e27dd18273360995e99f4,b03b8bf457533ef245fd5fa2681732d0,27.30
0cce1e1470bc8d35d6a2bebb6991bc1b,6561ef6306e6369b42177e51ddcc35ef,54.18
0d09617395364c88c4ad7c457b439314,016c5c3fb572754f302fdac24aa9cfa4,143.90
0d13e311818a800d01cd46fb35dd3c27,7d61bddcc4435ac5dd586d751ebca204,166.70
0d17a5f9272e9cf9e9883f404fc61edf,3702c8f6ec51b4c67a7c73594f30fafe,48.87
0d25f1b15acb59ceff22667265743132,52dee0d644b6d10016569eae238ebc67,374.15
0d5cbb8e4c1c7a7fc26899126197a6b9,6ca4c791dfb84fbc05cbe68d7d7a95be,155.29
0d7839b143597f84b086c444ef9ebbe4,6ad62864f75d24638cab4e7bcdd9972a,108.42
0dad6beca7ed0e352668498c29089900,2528510465c7572dedee4431a7d52e08,110.89
0daf1f0e67b534ad873ba61c5d6ad7d3,1681471e9172d7e12ba08e9ac9e8628b,153.20
0dbcaa88e213607d3795e96eda505c73,0018c09f333634ca9c80d9ff46e43e9c,56.87
0e31f844aae10fe7dc2369bc0340bf21,b8733d346bac6859519abd26e409fd6a,104.37
0e3e431534069e8ac235c637dfb199d8,be5b31d927c5966440f2826da46e6449,176.59
0e782c3705510e717d28907746cbda82,3a897024068ed42a183de61d5727d866,37.38
0e7ad202878ea453373e3ef15835ea33,8422c35d03577f94c15a4eed5504e09b,55.69
0ec76bccb5366815ac1be29b90db03c7,376085f5d0619f4cc1ea6cc1eb6663d6,196.01
0ef89e47a5078a9e54a080d5fa8c9109,4b4be2256ef77aecee551a7a665a7108,102.17
0f02ea56e4c9e7d30adb19a0c3e07b02,010099752e4ca60e61c8a4a669ea9fe5,86.02
0f6a5e91a0432f84b83844d7b001d765,fe659882d754bfbce85819a43c666004,117.94
0f8532e6a9c1e86b215fda5c13f37fad,48c83ab1910a8d95f8702dde180d658b,783.12
0f93b20928bc59f8571a39b03ed0c1bb,027efc2251512b9150aceb9a5e5b7f53,77.57
0f9dc92df0635605588c51ec2e4c58a0,4f31c34bf33334525417bab91b4794da,133.35
0fc34e566d3273325c404c113f4a8b2a,ae9cc596d22235c547acce001f90fc33,205.07
0fe8aad910ff05e73b0ddb0a89e61b21,100a8d4dd80b65dc63ffb17fdd39ba28,57.37
100ed138d169a3f969afa5449750db73,668e11820ada44a1b6cbf090995bee1f,131.27
103355b1bc5b63508c20e2b7eeb58961,f3d40ccfde2d918c886b7f2633a33d74,139.81
103555765443ee9231d96d107b9f19ae,c9d5ad5e1bac861b42f3fe9af8c1448b,42.68
105c228ee2f7c9c2a32d22cd2f8c8e69,e62a5e94613727832702b23913c1d649,294.66
10918fe4d665fda80034712895c2b92f,e05a24d2c1d2cd3ae0482ecc1b4d069f,76.18
10c320f977c6a18f91b2d14be13128c6,b673f0597cb0c4d12778f731045f361a,132.26
1107e64e1795b6cf551a7044612e8bd8,698e55af1f6f37f7f304a74eb93b85b0,161.84
11210d2ba14b85282d66a4c956724533,51293a462a75bbaa62b024a7da9e068a,151.12
112f6cd3047e7f158607233e26206398,f9ed63010ec897e6fb2c5ce868195a18,119.89
1131444207572a61609f9be4f5308af3,1c9e4589fd7fa6552ce6e19f4e9f1746,210.92
1133f2dfc033ba92bf6c470b20f6f332,e583c743a5c26e0870b08e4e6efeac7f,53.22
114b8cdf01e21ff5631995283f233d67,cb19b8f038fca823ee236d2b4cb2c4c1,36.78
114e12eca60507f3e3153182f258684d,a7b3bd7ba727dae2bc4a68b78b7a7c64,161.24
116f0b09343b49556bbad5f35bee0cdf,3187789bec990987628d7a9beb4dd6ac,43.09
117ce86d1ddbcdf65da3ff7fe763ed09,a6f0724c88ff8742ef397186be22c75f,142.01
118045506e1c1dda060171af43fe11b4,638c6674418fc58283a73c078bcb076f,360.40
11921adcbd013757ba6f287c03929bb4,2ac7740a46d83856d2c51372f27c1d03,82.23
11bd7edbef6a822b220f48085472871b,95a66a1b875e06e6490b4ad49d7ef34b,81.72
12764e11143d316ea2257118daa2e3bc,3b06aeea8f6124ae0e66e6fd1fc97ade,27.29
12c35cf2a5171b0fb8e19d60abcb9353,96d3fe655ac136a3575eec6f7bd4d698,153.50
1342ab50383d7471a3bfd75ca93d38d6,a31f3b93bfe2d5bd18745603e3e537c5,67.17
136cce7faa42fdb2cefd53fdc79a6098,ed0271e0b7da060a393796590e7b737a,65.95
1370fae9b19ee5e01a2d609eb18b7c8a,22eb8142d6313bab19fa6c657170ae6b,145.50
138849fd84dff2fb4ca70a0a34c4aa1c,9b18f3fc296990b97854e351334a32f6,52.84
13bad9a229ea7c04888ada5c6c971c28,7b889aa673094a3d02825ce67ee7b54b,33.56
141ad0192cfa16174e4fd0a1a7e7ba4a,00eb2bf26ade27447b6532561c6a402d,104.08
142ac5357e541e5881d26fc5eb5f3754,660c817af06c2d842014a12d5871c1f9,311.81
1431ee47e31c27528b8ae56b66689afc,5e43c982ccb91984104e2aaaa062e652,31.17
1446390485bfa8ea593dbd273d725218,60ed0bdf61ebb2ee39c9b7fa7dbb9ee6,102.64
14676aebeb151a1fa4f20e8fc3544621,e8515276707fdd0900308f2cbde32131,110.42
14986dd5b5dc6b4203bda6666311e4d0,93f0c8eaf1b7a1c951d234d56b232e35,169.30
14bec9a20933b219426d500ca2581dc4,b6e2d2a4ace19ed16fa851d6c9677487,89.82
14d5fd67132f83c0c8a9e241e4a7d4dd,f59c3b73fe7833bf53a1be19a6f17c81,32.43
14d68c5b215a31950340dc9cb3f73efe,f6f80187601754d61deb547e6d5b5a06,137.60
14e6e050a57912543937e93051cc7b2c,d006bd8339ac9891923132af6408f557,68.63
154f3e62bb635300cf9a1d6c4940636d,231033b8c1945ce24e11e3db60faf48e,366.51
15ade2c7daaa01c998220a2035dd43dd,9d9e0a32046baab34af9079307a57062,150.37
15bed8e2fec7fdbadb186b57c46c92f2,f3f0e613e0bdb9c7cee75504f0f90679,138.28
15d086bbbae9b9e4b50c916c919479ed,fa07ada3f850284255c79f6c93490991,73.49
15dbd4fa73037a8e8a6c619e4cffd46c,0f5cbabecf09e4453086b1db91138cb8,919.38
15fb9c745e91eff5482a9af2a5fad0e6,3c14bd3e2287a1b895bc9af622d3f79a,137.38
1613193aa6cbc8820d6b5c12536722a0,61cc0e28471e6851f580dbdcb60854e3,231.99
164f61f77f7f2a8c90a1e382606d53ba,7b97118bf4df712989568f4b46c0fe88,34.99
169f6274660e528484fd239aa7d27097,4cd756c714ca569c2450c24782004147,124.69
16c24987724018f73b746aacfbb5f8e8,ffdc2af7160aed3bad21cbc8ec68c0c5,180.45
16cb3a72f04e248a1244b076ce0d9bb7,ff9c535af2f9325df8f3c81f30f60b8b,224.77
16dda44df2095f93a8e1390b77c2c048,21b4986e79d2c4215a20b1d560b9c51a,33.16
16e38caa92e342c7780f68832f832d4d,d29935fdaf4a76f34653da3def4f2a24,243.36
16e62e9da7d33d61b6f26ccf68bc962c,becd44b937217776c659d9465b22808d,415.93
174fb39de9de15c80ea4076ba0cb6c83,cf6d28f68cf26d4e77f3482f0c452d70,93.91
175455df986fe6b05091b1c9506897dd,c2a29d0111d9af12100ef59be89f5a2c,37.11
1767c122a3ee029a66f97b74a2538d2e,d01dc54fcf3bf7bf2fee5926f43e0516,119.84
1790eea0b567cf50911c057cf20f90f9,52142aa69d8d0e1247ab0cada0f76023,224.90
17ab3523ccdc39226b04bbdd9bbceaad,5c16ae152bd6d026801d16d806b3eaf7,30.10
17c2ee64306efa76f1389315a974eeba,79c102ed4db4e20845856cd68660f8f6,91.18
186d50e82bb60fc547f3dbf7aa6f6f8a,ff0a44202beb5310644a0ea439973f4d,53.37
1887b26eba419ce20f6fe34a6f88e80a,23fe51c9d4d1b1cef50c57b3c0babf5e,231.45
18905a8655f8255bf50d2eeadce2641e,1aed7bcb3469dbda3ebc61b12938a4ba,30.53
18bb4acb90913593d37049c601660009,591cb16ea1a6d8f7eebd0a349593bea2,197.27
18bf036204cea32b152a8e2a2f2bab40,75c1cc8ffdfa39cfba5b62056e1c0f56,147.59
18d686f1bb1270182c646fe337459d79,bbf7be5b7db9baf4509ae4573c8570b4,57.59
1913cee0f26c9b117da013a2efd6374f,7089a41f6a02e9b5784c67fbec78e82a,49.79
191a0013ee3ec32e27da5f85cf028081,8fd044742f99625dc8f08f7d3e731fb5,154.38
193f92153e2d2dc57d0052176ef585c0,8a19afec74d4f1f9cb69fe402d98c3b6,104.76
19721d59a9764437477eff0730b48665,b1757da2a461d581e1a3b280ca181b7c,205.26
197edbaa61a8a349f382553fd2180ee1,42bb82a17b70bebcc6090d38d894ea3f,306.16
19e234aee52e37132b0b4fcfb8465f88,9801a1119c91032c99a15a846d4f5aa0,134.32
1a08b06cb8b9b557453b70b83fdc69cb,5b0403fc813ee1da7cd9a0816d205016,83.41
1a4cc55b483d875e3b8bbd64a1b31bba,1a3fcb72ec1f37b5385e08237a40409e,67.05
1a58f35be1cae85f27119089958d5c7a,91d77116484e151dafb5510b82c22eac,75.19
1a7ee01992a69255a005e9db8a96d898,6ba47b28c84367f0c27769d78f1c3adb,278.06
1a9a9700a3759028691f3af38138e3d8,6707f7d56127b258c3a93068d0f9394a,101.48
1ac4c8f4bb93ff8b5f87ff821298a59b,2680dc46f78c878b1276273e01432bac,70.90
1ac605c3c8e2ee53279c7b0bd52c6aec,4f86e2b6bb393847cfaca4bf4b1b82f6,177.02
1b00c4d80c81cdbc36487c96c6e92f07,6f392cfb40b84e0857b16c23c773aa31,112.92
1b462189eca41fdd61ad58561176b49c,65e5225058cf3dbaca1cdffb7c575dc1,88.01
1b5bd1070a7857f30e0856e204f30f25,e30b71f331d7484590d41e75507583fd,46.69
1b99333d39cf95f48be3864b2e1e88b3,01b2ab1c903b4ecd0442a3ce48d89caa,49.84
1b9ecfe83cdc259250e1a8aca174f0ad,6d6b50b66d79f80827b6d96751528d30,33.34
1c07c0999a3f88b8c1b95e9a07cf5564,b83d1e4c6e630ab8dd058360d47b4c17,114.91
1c35ac660d7ef6691b25d20df3d6eccb,68c85132eb3b96fbe6cbddc09a568d24,74.03
1c57302ee71281562fa44bc88283e3d1,601b800732110a9e3695e9c454bfa828,112.92
1c5998a66da200447c5cbb528969a95a,42791e4b0de64923954b7905a4d523c6,57.00
1c7c35deaf3a1639e247ce03babdfded,87edd217bd6fc063e3bcaded331967a7,37.83
1cb6cfd9e6306cfe607017391834999a,05aa1cdcd7c5f9e297b3b5d89ae5e1df,208.70
1cbc5d1981e34d5c950e9418aa02217d,f3875c080718c7e384875c4af4951afa,181.76
1cbcc355e275e5143ab1dbf260ca14f1,1110eb4465d18a9b7c632cfc80fb53ab,14.72
1cd4fb5e05e05b44a8a827fd5187095c,40b2c0070ab6f34ad350cbfb37d7a64b,208.48
1d067305b599c1e0dceb3864056ea527,0489975a325480c9e385e9f135bb13c3,170.43
1d0acbd3a21cb00b1cede4db748fa0b1,42e6dab95c5c9ff9067a6d954ccdcfbe,215.06
1d251ab94983c4adb11e4b168abb1439,230ab395e91b2421bd00ea45b60b23cb,238.41
1d52ba7197c7acebbb4f826f6585536f,c9c7fe860d602373a9e93f8bfe9d877a,286.09
1d554a2374156f36bdb7e0e6dbcad2d0,7c5e43a858e70710d676a6f70d4f02aa,274.55
1d5b194c01e762aa59a47ae8dca7199f,e5b2dea74bc86ced6b86f103ca99bcd9,235.13
1d6a2a632c284f1c4fd53baf9e705693,a06cdf060608a4a80705bf5860bc8f58,255.29
1d767ef13195f2cb3337b6b077e1f752,9deaacc2a9d6b105c1e27790708843b4,157.16
1da00355018ed3e0fdd548cf3ddada99,2c5c2fb51bbbcdcc297f3b37449627bb,80.10
1dab6cb14267214f76fe292d1a79014c,7e572970d84b6164550e059b22c1bca1,291.72
1e01369b33244af82c1b44d7359da3dc,0c11fa556f26997671eaeb09e029bc73,131.11
1e51b2b229678b37addbfeb359d0e3ab,b2de21eac1284b5492269771d68da739,171.30
1e7aff52cdbb2451ace09d0f848c3699,ddaff536587109b89777e0353215e150,154.19
1e8c81805b92ff169971231458670460,33b0d5c2438d9cd6426c6568dfbb908d,257.94
1e90a410c4be85320d64e5a0cbed9291,7861afc49adafbe05db500f9d1ab534a,44.00
1ed9fe02b5d745a3397a33415ecd5577,0603e61027d99341d08fa2c64fdf5915,28.98
1f0fb6f94c105ba0047b56143a01c3a9,a915c5f2ffdc3c2a11a35c426bc8de6e,37.84
1f3fcd02b6ab99b6b499dcd412076175,4f0986f70a792beba9dcbf15c32ecd87,154.76
1f6405caa14a2debb88594b0471ed340,5ca6f3218e411dcbb9c27ad61bdc3d1d,148.68
1f69e4870ffb8313df2fef3df0af2718,ff20530ce012df37828978c25f3dacac,415.83
1f7ef4e37ca10d4ed60f43c7cf81e181,cfeec5b515f027e2d4374a9ed829307d,40.00
203096f03d82e0dffbc41ebc2e2bcfb7,d2b091571da224a1b36412c18bc3bbfe,118.86
2042abeefae68e63a8aa30edd4b0eb48,a37a37235d7b3be3e2f95747ca589bda,162.04
2050ad559df86365b2d2a824640af4a1,d03d5c0d58cfeefd79f0b7af50bbfb87,238.08
20a6605d8265ca357d15eaf4f6710f63,f3b9b8b6d11fc7c446254660648ca292,105.28
20e0101b20700188cadb288126949685,48558a50a7ba1aab61891936d2ca7681,105.56
210d1686d116f7589a06e12974814bba,f9a448ce00c793bc273313654d4ac153,85.80
210e60465099814a1d2c7635e4065153,fc849c5fbc7e2b0c7cfebc138886c693,231.79
215235517f0e156724a0ac20bc1076a5,b4523e0afadc29b0607177c2234b3218,132.13
21c71f62d2554e1ad6c8ba9dc7af2c62,aa3d8c9eec8e52e90b117efe5e97a560,74.16
21f4a37ec131158f1615d0f186f190af,84b100e334843870e95ff29421ab66bd,212.88
21fc1ff2a7ed8b2ec6ff62ac18d7a1b7,08fe63b02e7e846c85b8a49b9fd540d9,71.64
22bd668810988f93e2c335459e72a312,314675b44a38443e4ba09ab0f462c8c7,76.63
22c8ac26992112755df2e1542f2d1cfd,840f60a1f70ae3558d61b38cc86e0d48,42.78
22d17396ac4c177e0ea83929cd4f845d,a8b396cd7edcd4340e02a07685084cd6,217.78
22ff7c206b68858435452298296c2fcb,5ad934ace4646e3dad70148a823eb138,50.86
232b75e8b6faa6ca2063184414e634a7,0a11cb0fb65032da800b780afcc1a1b7,180.95
234c056c50619f48da64f731c48242b4,44e460a655f7154ccd9faa4dbbbaf68a,75.71
2380ca3ffd1097862f0f1f9b8f7c566f,731723e171b17d3d3d478ea3a1f4151d,91.19
23af56e201b15091e86aebe6bde84b2b,2acc2e222c7d4a93c01b88d28b17a1b3,147.62
23b0f3febe2a61dfb83ff0ede848d53e,dca34bd8bd2a65a5344e000b1c730937,101.63
23f1f636dd6189253847462e5ea2e797,358fde222358cdce3408ac3fc3b1d1e0,65.38
23f553848a03aaab35bb3f9f87725125,c622b892a190735ef81c0087973fa16d,117.77
241a57ba96decfbe134f5c84f585f57f,b8426f2cfe27d43ae8077d218a3622ad,46.79
247d5afd3ec08a69d7ae743a6fcae022,f2ef4ea65c9d748b559c450074db04d4,63.28
248ff7b41bfa395f5ee828720889e664,754862f813b4662e840ff16a52db05f0,41.69
250fc7597b92f3bb967c2c0a6bd70e1b,dfadcb615c5579faa9613dde872fa694,68.72
258f2e5dd769d9314b349f5650005dcc,148ecba880f508ca2d5b6744b6a7b6c5,165.40
25b6b32773813a83fe535d412fa6e805,71cc75a603db03ef612d52f9f223e68f,107.95
25d47ee9a060a0359e8a10a858fc39a1,3271f9dc34c1d718be03cff03dec7acd,190.48
25ebb07a1069a75d3cb9baf0a94f22d0,d76dc2ed3d9f58905f39deea067fd40f,201.42
25f4376934e13d3508486352e11a5db0,12fd2740039676063a874b9567dfa651,82.33
263ba12390d0fbce329dd16da8cd20f8,0005aefbb696d34b3424dccd0a0e9fd0,147.33
2640506a4584f571430195e2fa215406,38f63d5e41d4edd85614e2297502aec8,590.08
265f4e28ef8cf69f8445e2951bbe7343,c572fd6cdd98e87ea2bc433b6da21078,64.74
267e5fff0e80197e6553c5596ed81dbd,e8f72a39e55da80935caccd9abb4d831,35.36
26cf5f2fef907ebc54269ab08ba4fc3b,aa680a3db54307a03f5ec70888d99ec1,22.28
26e7beff0239dc6ed3a8f2bb5972911c,6c5aeca0152670c75e44c9c67eb7c1f3,65.71
2711a938db643b3f0b62ee2c8a2784aa,29cb486c739f9774c8eb542e07b56cd2,59.10
2728209b1b0553533bce4afc52716b60,8e2e23cac1496c337274b16fb7d57886,383.98
275950acf4956dfc3d23514eb61f1d9b,b8c5e65ce798bc0c841638ea0960093b,80.51
27a78fdbe7b915a0596af3a5803a41cb,107d449d8a73c9dfd9673df8ea684348,246.42
27b47ff9a743a8a7404a2f8c1037dec6,826c02f105be443173bcffb209476da7,62.83
27dc63ff0d925a8edb761ba595e543ef,85e3bad84251738643dbfdc9baa3e535,98.81
27f9fff9f14236589804b62bce39f526,f3318c51c9a6779c89f2567475b4a6b9,140.61
2804019a383c2bf8db7dde416cf663d2,fd66171c97600151f735da73fd0aa018,204.18
2807d0e504d6d4894d41672727bc139f,72ae281627a6102d9b3718528b420f8a,17.28
287c56aa824d8d1ea40246ad12013f62,5232c22d7ed2b631db6b2cab74b2c5f2,83.05
288edb42bc749855816a5e66e39d342a,4ce13550ee2faa98b72b3c507e1144f5,115.13
28b2d19e3d604381f30089a68a4e0831,3d8cfa48830149a95028f6dc880e13eb,78.14
28fa410eec232354726af94904c6fa9b,229755021cdd010bc07d4f5b35c78ef6,100.57
2978901accabf6eef42711d8133a62f1,6248396b64eb57dc8522ecd345312daa,223.97
297a7adc75a9a48c518c7048426b9675,152d5eeccb9cbfd05ed8ab2395a14b66,444.54
2a142c0426781261c6ea8c07941a55a7,94e4969b72d31602e59dbb8d2c7c1d09,178.72
2a30390f1b957c7120f80795b9f97316,e1a66c81cd7d20ecf12f40679b70eab2,130.56
2b0ff3c2ec4265091bba2e1e5d9aa762,ac9fafb8efe7023c1126fc949eaabdc9,113.31
2b72a32a2c3e93fa260ca7655073886f,5265029daa29cc08d86b9f96cd99d03f,1255.43
2b8cfbbc8cc119621295c6a6028fa7da,f11a663853dc243e55733d1fb954a8e3,251.82
2ba4074f243f2ec78961779a7c89b1c3,3e5d28a6beee2449a50a07da9866d2ba,117.94
2ba9fa7ab61d7528fd77a35c436e7bff,42ebb2540882b272d9e0e452e2464e7e,26.84
2babe10ce6bcb68b1e3bd35e24424466,debcdbb31583da1dbb6560b95ee39b18,26.29
2c3a5e5f5bc3ae78ed5748461e62d47d,5f2bc926ec92aa65c33b70ed59e74175,69.73
2c9bc10b715272770d51948b929485f7,2ca9b081fd8cf85263e827dffd02446b,87.05
2cb414479754a8e1ed07eed0ccfc0778,a00cedaaa02a3875ce936ecf15c567b9,438.48
2ce1ad82022c1ba30c2079502ac725aa,7f2178c5d771e17f507d3c1637339298,130.56
2d5cdc856665603f1580e3586bde89a5,caecab08cac2be52d89f87462765b4f4,216.93
2d816b6a11ddd3843f307d1333321091,95303e4c9c23d67877e4b20afb04bfa8,26.68
2d8a0bc4abbb7bbb3a420f2219f02f93,4c80c9c4f15db841f85d24b515c68ba2,33.13
2d8f8f85abccae68275f423d878f2b7e,8ca53db6e60cffad03828535d1fcc1a2,78.09
2d9ea2efa410b1efd6bbd47d126819b6,3a3fc10a053a684ea7b581c82916e794,98.82
2dd08b72f1dfc49c74883302437e6f6d,94d64c9b674e29504cf012056f182c9f,112.71
2e1b28b55908e9904e59370fa0ecbb8e,e0c153dd9802d047fc86fbbc9da1a59b,129.46
2ed75ffbf396fcdc6341f17d1a16ef5d,7c5f8c2e42af586aa1b1cc8d6bc40732,88.37
2edfd6d1f0b4cd0db4bf37b1b224d855,241e78de29b3090cfa1b5d73a8130c72,141.15
2f246ee329fce6932458bc7a10625d2a,45f9053fc8b24a6d5afa05b6d1b330ab,41.69
2f4545bda1b1c794a9a35a3fbe4257ba,d436bce514752338004b26a232f21008,118.23
2f7201b5d9baf4deb546eefab3b7125a,215db0d9420c188518c58426fc946c9a,320.45
2f8b697ad1c74526e18a07acd7d7169b,eb19d6117ee958ab1e3e3a2d8b230083,198.56
2f92b812fd7c7df5b629833c484cdf1d,18f6ca10777417c932cf49e7fc9387ff,61.36
2fe72d522af94b1264d79a8e6e41f933,5dce0d6d2ad974afb75df4b6ae8e4ac8,118.03
2feb60b66471f9985b3f06df1f360f34,7e31ff5a549f128e99d5cf90f3b9a649,204.24
302e27012670f8e2db4418e6c619f54c,4221d4ffdad18996eb11c8a829d6a073,96.90
3030ecce41acdc5bf51484698b3d8fe7,c9f6f241518c8603c0c46f0817ba487e,157.21
305b0101ce8f8fd2d7b32f7480340018,06872c61a13a4d027504dd0c15d43b72,44.42
30f0086bfe1b046a524f8acf1d3eaa11,0b9a25915090ecc0db112277977fc2cb,113.67
31209eb386cfc93a1aeacf7d2da74f86,a7822dc752d3f4130c061c077d15d5e4,238.81
31426d292a5d34315a18ac11d6eef7eb,bf4fe999a2d7bc0465cbd817fac3bbee,92.57
31570df15e703d337b7b8a1d1ddcab6b,f94b42a1fbdacb6be65b3f64cd68ce5f,146.85
315ab79b5d15b5e9304d729579d36a42,04c70b7e1a619d16dbd79757e543cc59,34.86
31b157fa9491800710e3feeb482ccee9,55490de47a9c2abff0a27a5296ae9c2c,122.37
31ebb964e83b9262b17cf1583a3eb45f,2698695709c21e561e5aedcd0f297a69,303.76
31ef15cb5a3faa4df17e96b09cd8c1a1,19c6be9e0d7588d54ad848d44abeae95,34.00
32569fba210ee051f2c62dff9d4344ed,115eb2fbfc2d8446a2a6d38a0d800c6a,261.16
326247b4caae19ff40a5b56cb9534c6f,9fe7ac7180ac1ee5482b89b07f7b7737,175.86
32931b358e8eb9042cf278a4e233321f,a791256150a6975326b329cad239f6f7,512.90
32bda40452bf0485c310bca24eb53886,ebfb3f2e532c37d5a959ded000c9f603,44.87
32e4fa9bb468884309b58b9348de70c3,e54367d4b00c5cb76d2dfe71b9bdb89c,144.14
33209e0f87b2ed543a0876812c9c5c40,bab0c43a2325bbc9ea398b00f8db0717,196.95
338d39656f66d84fdf7b2d9b578121bf,66a1ad480e947477de23aa06e861feb9,81.11
33a3edb84b9df4cb49546859b990ac6d,35ec6c1ca9e5844c5ca94214cce16dca,67.50
33cfd07a622a67d9cd660aa9177b909f,bab96d089beddb1b1823284d30825a56,87.43
33ef079ec39c1b46e6e552e038e67c5b,4a5dc0dfa0d6bb6fee6eac33a4b39d7b,62.65
34276839abbc2d596eb36540d36c624c,6968ea6ff6368619de4d031a15d5c9a6,217.78
343076b69aa1f03ee4beb49cf6baee58,a4156bb8aff5d6722dc68f605d8fa241,206.87
3440f090efa1949bc4e9ebd0b89b2b6c,2acac3dfe4fa0e75b07461873a67e7e6,69.45
34513ce0c4fab462a55830c0989c7edb,7711cf624183d843aafe81855097bc37,114.13
3480c6733692db0895d7f240dc18d9d6,511565b2987c19e165331306886f10f8,56.78
34c194055d9ef88a32906284191174df,af86c43027ee9c1f73233d9d55783c00,60.33
351126ee473c51592cb591efea295181,73e06cdd33db85da3e3df5c0c8404718,110.98
3562e5cbf3effd83e186fe72ebb92f95,69c2c14480efd86260ca133de7a15868,42.03
35660aec0cc42b6257e24281ee0e6255,b53cc3c992caaa45ec73cfdde4d839b5,155.00
35b7d83c8629ba8d0f718d9d293cf436,61544bf6d5b15f5dcec75603b22fcda8,179.22
3606d0126c19d4197f835572f5162c20,366e99a4996b3f8f781b60d7549f9e38,335.48
362cc20bf09835f4398cedd319fb7d8e,9eb0d8ae0777405811966250213e28a2,97.21
36530871a5e80138db53bcfd8a104d90,4dafe3c841d2d6cc8a8b6d25b35704b9,63.79
369cb139024a5e7dcc497edd71a6f244,25d92c6c06f5fbdfc66aa5d91a5b17a4,63.10
36cd1ce42b6013f372ceb0a80b2a1b7c,c65121f92dcf3a7d5a7b612ea1756bdc,329.55
36ebb4199031e72a1fa964549b88c377,eecf2b94cdbe9ef6245fabb5e091c987,133.25
37104fd8b73d0691fda9491fe8906808,328d7a69cb9cbaf088eed3ed778804bb,122.22
371f13dd168ce30a881e0db8cf3929fb,f411a040a2fa31babc72e93f3a947e07,665.87
3735720b8c1cd4212fa0866a8e58a049,94af59d9cac1ae1976312584f628ef6f,209.11
37575790ea3501cfd8c51bfe42e08950,6877b5e3cdd8a9efac00e34fcaa4e02e,35.78
376a342d70faa7a733b871acc701def8,8563b07a84656ff32968702daa37c468,42.10
3783e0b4f1ef0985e0d9aca4629f756b,264d02bf55980e2934f42a50c221e97c,162.04
378aab9f026bcce6c5d6b5b6453be88a,37c19e14f0f664e83d2068be6b1f44dc,21.01
37d6c8f1b209eab8d1b6522a1a3e4d88,fe4b93d8b5d38fc72f20a95f93511cae,35.24
37e32b54f25d2472acbc642f7e539a36,0f5b40f9925b49675464fb74869c6547,99.33
38097aba0f729783af8bf48eabf5e496,5a07aa8c5c8860866b5557e83d75a4e2,173.49
38171cba31c7211ce21559574998ffdd,3b0f5b493b8a54c1298ae4edaa002fb0,139.98
3821dc9ac1b25bed42324d0885b0a930,dd3926dff45a3459c4bdac0b58a2a0bf,334.12
3860898db238028285b1e05b5ab31238,2fb25213583070dd575f4d64ceb760d4,68.52
38957bce5d0653b7a5b419556e7b9ba3,db91a791665fab255d516b921f1c826f,168.08
38971812f1db9e4a30885e5574dcbe53,735774ca9e99d1d85ae5f53b4958e6cc,259.98
38b7efdf33dd5561f4f5d4f6e07b0414,021e84751ba0ead75b6d314a6ead88d9,44.09
38c1e3d4ed6a13cd0cf612d4c09766e9,18c934f4cdc994cd04eb13bce3f47a18,188.94
38c4ae942b818085578157aabd4abf9e,c0cc17e4ee16598f33ce7ccc36e3b4d0,183.65
38d6205cb4508e8d63dcbae0aac1fe96,d0ca4d9e8fa6fca510ed593effc04df5,144.31
38dcebae9b5bd88cd2acd6f8f787336d,66a54b482c7228155b832e63722b6f86,77.57
390d4039e108e33c6a93031f5f3f9e0d,f33b3d6c9af33c35f9a32f66285a6b7a,455.29
3923e3ade70348985bd2ca389905cf19,6454e6cba392b35aa21527063026fc92,78.15
39a0eaa2a980c810beaf68d76e52fa96,d1c6e90ab127d42b75ef2e548b4461ac,198.16
39ca4fbb87367cf7440fc32125b86202,d43f72374abc7601531c7c806e7af444,38.96
39e9813f11fbc948f71cfaf189976662,355474d121f6ea4623bbf34bbe80739b,38.42
3a129877493c8189c59c60eb71d97c29,0913cdce793684e52bbfac69d87e91fd,51.00
3a25cded45c3f7fe9dee01dceed4a97a,277920f3429fff255e648c241b5447b1,83.25
3a6be3906d26bffb0ee2c640eb2ac480,f6fae9d4a652ea92e78dbc6956e0c0b8,68.31
3a830ecb5338f0ff69822d388b64822e,f8c3d249c98f91b25409df45d4a095e3,207.02
3acf8c12de0c5a31ce57671e97cb48a1,3c74489596d98affbe4a9388a39bf482,236.41
3ad68235680db3c8a491e0362402fd96,2ae1291d11904be5f9315472cc178cbe,22.38
3b14820d642ea72e95df3289b6539c1c,4248fddd68e3375c24e743290ce2d9fa,95.40
3b4ad687e7e5190db827e1ae5a8989dd,1a87b8517b7d31373b50396eb15cb445,865.01
3b881091c6fc2687191b01c705287c13,f31eb05ebdef1ede72cebeba759e7c92,189.34
3bb580c88504df63102b61f70164fb75,636f42c08bfabc00ce49edb5af4d4423,319.11
3bbbeac55063ea854a8b5d32a2cbf8b0,d0e3351321cbbc1e4928cac9201c4729,158.94
3bc5517fcadd466c8f345fef8e529e95,11ce99b70d1025e5fc5e7a9237c529ab,155.14
3bc77ce8be27211bac313c2daa402d1a,bf141bf67fbe428d558bcf0e018eab60,66.98
3c333445207b077f35c9e81a7e7c7273,346b61007a25104a5a1b25e1e68b16b0,74.63
3c3fa8869e142a240f57aef59c095f6c,d1c40bfb050a09047a4c4426fe9a2893,228.43
3c8876b8e5a484c81a1aa6c8bc4e65d6,e4e69809ae1da631eaa47e73e5f4f641,146.24
3c8f34ce6765b01eb78b79eec5617971,996595f66cb179af29159ee6c539dc10,183.85
3c9a3ff1e41cb58bb8a24ae6f6eea080,e413b51d04fdbe619c2cb28cda3046d6,314.21
3ce16e50c1842ad30631811796a31afc,53162926c6c60935bfbc4a9d9419ca99,129.90
3d087f98b006ae162b5e3b56e7bfdb4a,993a76ab0714792eb45d4ebdd58e9a1c,72.64
3d34d8e3ea34d73617a75deea86ced48,b89010d4a6acaa06d4ef89043869838e,106.16
3d4359c9a8031f632995e7923608dd4d,a7b54e5d33e657bd68a2d411fbace435,129.49
3d4a36b2720a815f829c5e1f82bbd0d5,29c938e10e5b108f3141464ff1bab857,110.70
3dddd02cc38fbaa0a544a1e928aee40e,d2157e41ca09bbe3a232a528d658195c,62.69
3eb08a4c95b522bed075ec059ad858ab,8aac7e3ddd515089585bbab2b7d85aa8,224.51
3ec275bc012162de739c7ab6dcf11677,62b45594e877bd203ce2e49134b8ad03,88.08
3ec2c982a9497e2aa32da12b18ce7266,8181e01938f34902ad6d883bf57f803d,77.38
3ecb666eda6d2ebb9348dfc65c32252c,272abefcdb7e7438a251e6c92f1d5873,166.29
3ef7c7b43ae449415675a6c34720b78e,cae507afa38570ca8b08ae0cbcadd5d5,403.32
3f3913e8c7fd221ac82a34ffa20b93ee,a9c6cd6cf9583fa5820d55c21238f78e,55.56
3f596c69e8e78788530d898331118c7c,6230e4c4b38009c58b83aa90c2603ed9,44.37
3f849648ffbabb0562c7668f212e3e88,a338f42b6e47cb49d5c5128a348b76ba,86.36
3fa91d0a7193cb9564de5db19fdbbd47,597b42a7a20556e77af8e237b6245b6c,68.88
3faea9ccc65ef88c63119314772b5598,0f2ce860d58a0af36c83ac27a7b127fb,67.77
3faf126d8a3b0684272791cd3c6cf3fe,824841f5112b77c04e832f5a46c2d733,368.11
3ff220e93d03aad9bb6767d90ac0e846,ba827769097443c480330d84fad09494,126.92
40001f4b6e1a35f0b99fc4f44078ab27,1690401c1e48c9526a79e72ba8c069a2,216.26
403b97836b0c04a622354cf531062e5f,738b086814c6fcc74b8cc583f8516ee3,1376.45
405a30197dbb4ed83804a680c2bbae9b,15f4d0b2acbd4c1deb4d62a8111fc846,97.87
407408433ee2a9ed77984aa5a06e2b2e,9f4c898706bf2b467ace0539e0319fcc,76.17
4091d93f24146cb228adc17dad467e8f,388305bba4b367ce3be7023f6edaeade,124.57
409e4a6eadbdc33f16ccf0bda01eec1f,0e8ada3654b94e0d569b44233db3c9dc,195.92
40c5e18f7d112b59b3e5113a59a905b3,67407057a7d5ee17d1cd09523f484d13,128.68
40ef667b4259d5f521a0fd1a093d0415,bb8bd97c39739129411746c4ca7c754f,63.12
411b8901b201804f134429744b17b686,c5bbfe67cb7212c9e6390fcd598caf85,257.99
412fccb2b44a99b36714bca3fef8ad7b,c6865c523687cb3f235aa599afef1710,140.88
413158eae01863d8624661dc2aafcfce,ae93d71344619ff965081e7e57c94788,70.12
418764469a9e73f76f56783c1863bd05,b3c3c1b58dad3d55671825fe3715321c,141.97
4190ab61a7fced69f3ee84d1da1120cc,3df7ff0b86935d5249e4d6cd56b89131,211.26
41bb5cee06dbf170878a9ef93ac7e7f5,1833a0540067becaf59368fe4cd4303a,23.69
41d1a34204ce66a59daa5590f05cc4fa,881554102719236e5c195d199d6d868a,65.10
41de3b8bbb80e2cc80c8d446a752d2fb,0df487c45aada9cfdf07f6876f970af6,33.22
41f5e1d98c342beaa1234b59c89d9f6b,ea23ab6bcf9413b8841a1a69b9af0686,312.59
4207ad8e0e4e4070f271c930d25f72d7,2d2b1b42705b2f080c47fb2c46db46f6,155.14
421a29f5936d35b40acaa102627113f2,691a7804c3cf06446a3f2c13cecbf251,123.18
4254f084673c8b5d85ad824fae3aa522,dc0617ac29c280d79e4e2930274342ed,275.11
42c99d4e378b852657e71d810ef1858c,13ab4c98a7678b10d69118bb719e57c9,29.56
432aaf21d85167c2c86ec9448c4e42cc,3df704f53d3f1d4818840b34ec672a9f,54.36
4338e6bc70fcf731f6d799f56c66b6cb,f8ec0585a994417a4bd53c5156689ddd,198.66
43439c4b45b39d5a7d27a31d6cebe43c,8bac5a019b1653cad759a1e8b64e580b,81.79
43488f856ed3fa3e7d3f8228755d383b,5a58afc695ee03b9baca01d4afa52cec,55.62
434d158e96bdd6972ad6e6d73ddcfd22,2a1dfb647f32f4390e7b857c67458536,508.17
434d3eec8dd031c322077fb2452e53a0,7a7893d13f178fdf58daeff7347e2d94,76.29
4380bb6c7d8375926bbea2c8b514dc8c,11617a4c5fc72fccb4c2a53ea21c5a3c,36.00
4389819b71f1f23563fa9eadadc12a06,0d3740ed03979ba91a9cb4eb6300dd49,373.17
43d88b0e949865904334dd5b3ca63f50,aa601b3c45980c0918042d5ca7a25054,58.28
43f312594026fc6c67ccf619afe600d1,5cf1b1745fff59660522b4ff7b475374,241.22
43f9a3d3e9d95525bfce717e31f72a56,b003d09f32a12bcc00b6ca04d46554e6,83.82
44029f83c215c9ede6c231dda3ab2219,3a274a842a177ac78b8c85127962aeba,120.87
443a73a22cd4e0078a47c275b358b786,317072fd23410f845f2d3beba3747e62,88.26
444ebbf5602b5acdad22e0b4a9951bda,a94259e3111386ff1ae6f1c3712fe6fb,372.72
446e20f85f1b9cf552376d6f31c983b2,db6505328f042b7f4fae7d80f3b0515f,89.11
44bb5734f29017e33add235fbdf83b90,6603ae268d9d38a828d348fd2ea7ab8d,72.64
44fdca9e41cfd8248c3ac1e369447eff,21e121469a31f5b4e2eb5b6574359c4c,148.23
4519d054994236d26b04aba27498afb9,fb713deec65d4832addaff1950dee895,32.68
4570fa83dbb31a563e06db0a554b951e,cdfe21141f5df77ba0fb20bef6621a9f,322.17
45ac1d4b219993bf334080eac1585166,a7d1dc2de29fc011bf5f947f8a8636c7,136.37
45b0a671da62d1c868294b22b4837dca,790cbac97e71291719b52249d721519f,189.37
45bfddf12e8fd3de8dbda7b7208ec90e,a1882adbacee1e44d96f0635e70d7b2a,111.78
45ed6e85398a87c253db47c2d9f48216,8eab8f9b3c744b76b65f7a2c0c8f2d6c,71.14
4630b9ea86d473a936d6dd589cee8b22,5b6e97fea8528cf0060d86dbd82f9c4a,38.16
4652332a6a0d39960cdec082ef7b52b8,877b18b6aaa2faadfbf88c43a9bd5c42,164.66
46c22ce0488991c798933effd2b57574,d022cc2c5b40e84f1c19866f337c7a68,139.59
46f3c70ec2c3e58a0c126aeb5d10d9b9,627b92adad5c3e29a2c4518bfcf13fec,695.61
4709741e829775567b92abc42437b461,bd13582471af02ce718568d9cf8bbd93,117.74
476984a30a6929077bedabbefc98ce38,98647ebe3068d5566c1c2cf026d72239,98.28
47770eb9100c2d0c44946d9cf07ec65d,41ce2a54c0b03bf3443c3d931a367089,179.12
477ee3f21cb7374ecfa12433c30f53f5,384a027682b0ddc9d88f4aab723d9730,195.17
47aa4816b27ba60ec948cd019cc1afc1,148348ff65384b4249b762579532e248,71.91
47cdb12caf2067098633bc9a0d3679f7,4d833833ec5cc5bb9e6c230820e4bc54,144.99
4813c50e3548fa87684c05b730ecccee,3e4442cd2958fbd08dc760884b222ae2,41.00
48a928c553c276852b35ce90fedfeee2,9ea999ddb251e229b1c8b4925884743e,42.69
48b7d84507eb52608a007fde9d641daa,cad2dc8d82cd9ccca487589a7fe62e6c,49.09
4906eeadde5f70b308c20c4a8f20be02,4e7656e34357b93f14b40c6400ca3f6e,162.25
492bed007520827cbed51959e4ce4385,ba5166acad480f24f1633e1b8ce21741,94.31
4941da6e1a4eef723674c7148152c4f6,5c4fbfda89ecf784397c5a99ec36601a,228.49
498a0b00b1c51a95e61baebf6379d76b,e60e08d06effbf35575193d851fd8007,192.03
49afa8bc01b5b6aa01e875a0785cc7bf,02502a29041f75b4982896ed8ca6e736,41.53
49b1ad01e0a81bc85a617086103e415d,476a4abbe9551a54f5a9d06bccd2fca5,144.47
49b9d47f2bb04361f15cf1537390dd60,fb2b3d5e34ae153e59fe64aa930e01d5,80.75
49e19ca07e42bde08630a08e50ad980e,cb67357747667b594aa6d47770e7334c,133.25
49e76d6a1b1f9ff4d04f85b2304ad378,c1055f5a8a55684492575d082da04127,164.63
49e809b11c0445fb0229f28378d3d30d,a5fb3b16bcb08fb9f1290f225390b829,225.72
4a1340ea38a829e0ea96cd19d7a0f951,88d808f3083f22381023e9dbb5e99751,63.27
4a5cc9b4e332e03d76bf553a7f2fa5d3,a4a00c41b5e3ed88bf0e0bb96576c2b2,176.78
4aae1a10a22651fe5b76379eb4b34d12,55be46c8eddc7c5709f497060094f66d,136.32
4ad1105e12f275c3475462d6811caf8b,45706797a925907d4ba536fb8c1e909a,271.08
4b3a605942f29d490cb74bd6ace6b9f0,e8a332c3433fbd37920ec89fc295d075,38.10
4b673ab5e166be0e06ffbac98732264b,4dab6a9558a5b8884eab4e5abfa71a76,84.83
4b7836c7fde2f69b09ca54addb676d28,5009c471461106bdc79fe8333e03a7a5,69.53
4b80b55b32a3549ec05578e46a0f4021,c4184e264c25f060e2022b22c098ab18,1291.39
4b81496f1e0fd587a7394ba1e1b8aebb,ea0b7ca96e72354232c17d72b8bdf66d,18.76
4b87488fb6269f8321508923b95da4d6,e42998ccffc48dc87bf70b37e2d61f33,38.47
4b939b269e876343e876d466afcb69d1,0f28d0a2069593ae2c5ec29fc3800a72,49.00
4bb6e6f5af26e1f5951d934386615406,f962bd6ee98fa707c3e2eb532bab37b0,94.74
4bc02ff9a093f3cc4119a960969f5f74,81e002e37c83087d148d2062bb1ba395,190.87
4bf27cd715a4b7ccb0ea582b5b5fd639,56df3acf6826046c875a51d0db805524,80.65
4c342c53eed805e5712a130cccf665ee,fa3b701e87d5470f0caa38474274f11f,158.38
4c460fdf49b517270b6258ba2d3c1ef9,ffe82abbde8061e75c4c0b72f3b2accf,139.41
4cd9478b63edacb631dcf780b036b157,f1b66f0324a631de414bc2bf62b5e915,26.79
4ce4fb772277f3a13a61a93b7f19d62e,595a590ba9c0127d59855c4dba71a69e,171.01
4ceb9336411700f9568db2ef11bda594,60582a6628af83a283474d8c94e3ff7a,218.08
4cf225bc6f9bf421b97987161b23cc57,aff70ffc7417c17ae1c223c119d2a4d7,63.42
4d2d8a4224215f680cc5221011347401,5957d9ae822bcbe88c00fb8286362339,132.57
4d315c56f2d8d8d27bf1a1365d41c923,1a064684f3096efdbfb11a78ea4f97c9,147.81
4d4ef6cd8147028ffd8c18dc0f6e3050,9afa8a81202f94d96ffed6977f09ea63,87.58
4d630f57194f5aba1a3d12ce23e71cd9,6d491c9fe2f04f6e2af6ec033cd8907c,240.23
4d81d50f72f166b704ba664c8a1ddbd6,2d143929faefe132157fe22c40f72978,168.93
4d8a7251d3f4f82c05c207b52ccd25f3,6ee76c3941b644506c8dc73861add1d9,163.68
4d95703047b8a80cf5796b7478900ec7,da18c242eff18510c1df2f0337a9be95,103.50
4da3bd761ca73d692ae0f5c252495546,65ee4aa816cda8ad41e05c75e1cb691e,26.44
4da937ffa1e058f52a9eeb89187d65b5,60951029b7686cc004b24fcc814e00af,47.30
4dadcd5f9e682c17fdc6dded70c048e0,e40265c6ceebf38ea830b695d9340bda,41.43
4dcc01481b7ab4f5f37c8eb4c4c67841,b2859fd419788314d84da3852630e56a,72.25
4df92d82d79c3b52c7138679fa9b07fc,ba0660bf3fffe505ee892e153a2fbd49,209.20
4e21387c48145e5e07a1d552b1a69776,766a6dd9d0045e8462f001462976ff99,59.75
4e2160ff7a61b2bf4fbd2e527ea924d3,ea36ec29b56eded534644f21b9561efc,54.36
4edca0186e467f58fe99ab648f604ce8,1d06482d82c32c8752f4decbbffe7623,128.86
4eeecb9e657525024b9b538730c5f974,b7a7e149c4a6120ec3938bd2752683c2,31.22
4ef04edb491b8cc23eabe782ced6715c,5db7793e5ba9211bf9e8176cb8bb3ecf,84.24
4efb9f3d8ba57d35f9f884744e757265,b1daab0190e21f1b1702791e68fcd940,64.09
4f32c93f66aadbd682294f5cedde7c18,3ca18278aa462567e7bb52302cff31c4,237.08
4f38a875c972c4803a792f62b999b4cd,00f73459a4d3be97ff307dc869da0aa9,247.68
4f7ce3efe568a5e57290a9fa3e45b1f5,2569d6c5ed547bf0feaf37e32677fdaa,1727.67
4f7e398a1ddb1c349465b42b6865c60b,364fbe9334877bc7ca3da92913b2cdbf,171.84
4fa1b6d5d3ca98e8def932544cc51b90,c66b45c4e7a46b471b18da7f3f7a2e3b,89.41
4fc42727f0b542099a7568206da01fa6,fc6788a31c7a99fec01c62063032bc12,100.34
4fe2fd5509bca02cbd39aa5b3eeb2a8f,c5064807abdc55acd37860160154ed1a,51.20
5039c86e0392fa512d40a377555e64c3,48b660b079942ad4f15f884ef1a16871,49.86
504ec2b6f69e898c557955750272d563,ba0a799b8a7b0b1a1ac522a0a8839bff,63.77
507240e305d631056d7ced5d5ab0eb9a,5cff2efe34e8e604619520cc86201235,59.47
50c67fc0ce3ee7959b7dfeeabfbe6b78,4d69348be3bb86e3326bc320185c5438,173.57
50c71607b83f5edc9a65e7c7d9910b1a,d3a7f01174c7a3d2905734b89cacedad,105.28
50fe82ce977520094518dd8618d7331a,80f93f1fabe7772d559a7c349667af0e,13.39
5108acfe22756c07a696f4ff210790a8,b8245bf3278e6f2d8144c2b23a0b424c,37.38
511629b91fcfb73e2e7ee747102a9ffd,9ccdd15c9060a6ea0d5f0abbb7324022,170.01
511c9c59155679bf85e46829de6bf067,8ad4ecbaa69e3b0119cadae300bd88f9,261.82
511da260161b881c22b3608bed0044e5,976413d083d598716701e20d0cd9d56b,63.12
5164933efe0cd14f31424b9badf81f19,d0e71d7a6dbca8ac513ac63d08a81fa0,141.90
5189eca8aa65ca525e4929c6f6a758d1,cb91916ede5670fdd34d3acd31ac21b3,486.30
51c68b0aedaa22a0b426f5635ac439b1,80f5dbd6c402fa67462768a508de4168,399.44
51fc12a7908ea200b269a6ecfb3e7740,abbfa19a38ba17ff02883ba523a9d42f,30.96
524328eaaeddfd8aa01dc3897ad69935,18abbf4ddb0d8414b4f9de1d7d865fb3,135.92
5246f33ed41cfa5f5b8f64e7bc8cf0c2,299f7b5125c8fbe1761a1b320c34fc7d,69.20
52b828f13e08788433adad4a7d135779,3c9a7cf7435eb8c2afd717c62809b521,176.83
52e5445828db681d83dccb33a15ecac4,d42ee2c04270ba237933c8bdd5e1c761,194.06
52f166ce5fa053bbb27d317e4fd231b7,1b848bc58de81ae1b800cf3a4571bedf,446.51
53239db74c7835641f106ef90b3d0100,54f60df7bf8415b9714bd26eec037b2c,154.90
5342639ad4af90638a48134b744df827,10c7dc349ad0a77ea4540c0464567dcd,125.61
5342acb7b183acec77f59e4d78f7c804,4d493a5e3a53373d3bc26a01575a71dc,150.21
53cdb2fc8bc7dce0b6741e2150273451,b0830fb4747a6c6d20dea0b8c802d7ef,141.46
53f3f52eca823461e5ee857dd46fb101,00ee08bd4046a080a8ec38c5e0937372,294.70
5447160f15621601fa9ba2b94f4906b3,9c338ea8093192e203bc16add78c123c,161.77
5487a8ac1699754d975f853ce8bb9321,a51b373c427132a77b112ca10f502c4f,187.19
54912035e047f9834df97cdfef0d2768,a28774056a751c7e8affbaff81fcd933,21.04
54ac5ed66a8b2c74a3878d90d805f367,e6ed40b69433d15314244f3ef50bcd29,54.42
54bc2449fbe0368b74470e4280fe494e,bd2215daa338b34c697773ceff4e013b,132.40
54c48a1401020a79d5d52ff20cb07aa7,64a321dafa36e657f430cd3c2d0c64a0,111.21
54d591a90dbfa19ae578252a9b5a2720,17b02ec522ef587a82a5b69450648f1b,137.23
550a019d25590b5b3b6d31c0fd3edbbb,1f7945736d0f303827055ca99168ad20,41.86
554ed79a85b56443912252c580b0ad02,68f20e749722e81e95a294b21b2763b5,188.62
555e4d40fb6beea866d46eb6a5a01b41,d77e4c0bfd0085b029605683a846abca,111.92
5561adcb0fd46da4cad3048fa4e7fc00,819b0aa9b717f6d78c0f72211bafebe3,109.35
556bbf53c2c22fbb9ef31a414dd444a6,5883f965ac70043c2e908c3657c5d548,67.50
5596ba1b51a8d6801a60712a250471a8,c38477a5b6ae3d9b123c14c74e258210,95.31
55b2cadb9946209a0283fd636ddc6676,32f7f86eb8098b2c0bdfc1604b5da9bf,226.12
563404de47cdc6763e7eced487016b66,41a0f53af758a122ca3c491b62ee4949,24.35
56472b840118d1bfb244c6cb42581ae6,98748c370ddce9072c32164a357de627,319.88
564a38ee15a841a89a3e5c64fc8c0ce6,e200b9823371b1da02a7ac74702a1f3a,164.79
565923f847aad52e7638eb189cce3b51,a2cb2bc236e62cf807925d6cecc245c6,97.81
567653c46861b54519b6f4cdee500f0a,5471b1f70a167766bc7eb4ed0f4d1b8d,70.06
568b0f8bb1f7efe803f006abfd707e5e,05f92287b410b4a1b426167861698d3e,64.62
5691d72069359cd293ac9a14f1bd5e9b,a8f76d9cb0f8db57cbbfe8d67b257893,72.05
56a4ac10a4a8f2ba7693523bb439eede,78438ba6ace7d2cb023dbbc81b083562,32.70
56a9371475e5344f96ca0933a17215ea,a31d81182a35974e456ae872e2fd62bb,87.05
56af0400ccac703cca01cd9846d29c58,89d08063d07129349239d9584c768a9c,178.27
56bd45163229b35ca0ab490c1e3d3233,f8975f0842ae1e4670a410a02b1b5053,76.85
56ec7cbe6d41f3fdbbe68de8142b3123,f0b133218c83b8eb0298301a5b4c17ed,117.42
56ecd129e9283080044e40f77065b350,a57a381a12573edc7711887551fc961c,86.25
5711d8a02451fd508dc8911ee1fb4ac9,1181d20ba074543832905275fd087e73,217.10
5713bef560364e39ec1630ff62449492,793864114259d54262b38703f165acd2,39.85
5739eb8dc1389c46e5ff8fc605a6ba44,ef6ea276070642bfc9f21c5cd9cbdb43,28.45
573b5d93e53ee17f6d7276929890932c,dd9fdfd1c2d9c13f398bf35eb1f18325,202.79
573ef5595dd0028826051b99f5306ad3,15d268e1a1f123f6ed84dcb45b4df293,73.34
57fac99131db488c097fd2b5a75255dd,77188a1f345ff96d99ab8fc8bdee03bc,116.12
580c882a5805c78546ea65ec6d3690e4,a4f6fc82eefc6a54376eea73b27df682,171.32
5820a1100976432c7968a52da59e9364,2b56e94c2f66f2d97cfa63356f69cee8,52.24
5869074071e0f56e9085dc3742c97b2a,7203eb38fea2b4a15dd6c39575314aa4,320.18
586b28be2b8f5afe936887ea02ab3494,ae5ebdc6de8a5f0bb49b5a3cb50c661d,118.93
5881ef8fbe92b12cbfbe1a210afd221a,a95304becd09a127c1f2d609e2d6d34f,70.89
58ac1947c1a9067b9f416cba6d844a3f,ee8e1d37f563ecc11cc4dcb4dfd794c2,124.16
58b198357d2b68044f885a370a585ff3,8d7cf6fc4668c48859673a8e0fc8fa6a,112.08
58d4c4747ee059eeeb865b349b41f53a,1755fad7863475346bc6c3773fe055d3,35.36
593b6eefb72afdf364b30dedb1294414,361075ad44ffadb27e3440aaa0271533,150.05
5943f6d5dc8ba01f970b8ef4d18678cb,f2c52534beb7f3e34299986eb4950d92,126.60
595f598849d89203c28d05d0fbf3f92e,cefab390926b6fc3de3ca94c82ebb1ba,26.58
598cd40a798aa27cded050fe918ffbe7,f36d397e361b66b7220f849320541fd8,587.94
59a0b1e1b934789d033dfb98797d9d34,2fa6eb7ad02d5495e29bebb6d4774257,160.30
59af6639bc574148a47076bb16ff485e,b83bd80a9acf980ee6ac382e5c1452ae,83.41
59b32faedc12322c672e95ec3716d614,5baa82a2c45fa3220cb57d9881db3211,87.58
59d34e1064930d037d30041b73683aa7,8397274a8680c08c3208912c33d63809,97.87
59dba471cbd7e791c3bb0d83aa705c49,c6de1ceaec9afb41c51b618211d9f118,61.98
5a00ef28abf9645038a7d37c1639d2c2,60134a69479bd4d54c03fd5076bbe984,200.23
5a0e5ad33542c79b10be87a344ee0086,917149651e472bef5b609eb58e742eb4,86.67
5a630e3d4aeb6fca86404481eb19cfe7,6928be51d9496f1aab5da8f15a21aba6,164.06
5a63a60ea2852393994270157cd61e0a,e615ca09613c8f72bf3a0bd5e2d349fb,77.66
5a88502f6bbc1f8c972aa98c64830616,2fdfe901849d16dcfd92d3d8f4c5def3,103.14
5acce57f8d9dfd55fa48e212a641a69d,295ae9b35379e077273387ff64354b6f,43.00
5b4bb46d2cabe7e960a2b8bf70af105a,14bf3008a25d689c6ad3ca1b5b9975ec,31.77
5b96fa278c2b3c1e29c190ef1b651d08,207ac9416941d5b76d64875a33fe3659,36.52
5c1f2bd7eff419c165428371164d750c,ac4e328e156057d602bb4d7b146d5468,326.36
5c2d1d55c31db1cbe069dc9b6454b897,15bea20cd005ed59d34db54c6b32ec98,117.45
5c6c22a0e96822517dd3c5ee6cd1fbcf,1188830c8320a8f9abd982d8deb49330,187.43
5cd498954e2b37d71b315166809b4bd7,ff1a56726b7ea149c7423865609cc0c8,181.59
5d3459c901e4e1e7b9dd18e09e498131,1fb576ee9524811fa8c09e5c9b6c39ce,81.33
5d78d11ebe819b207a2c7530ca368d0e,5f5338d15473dca8643f97ed503ffe96,73.03
5d7f0dc1e401127edfe8b79e174a52c8,35014cd0cb1b0f81a7abee599b4d051d,67.92
5e0311cb517d342851ca3b346cd4c5ab,3ac33dfea62e0b085b5cfeb64bee5f21,70.12
5e479fe6d021c55b96aa4799e9046634,690d9e177e7d2a54b8d4ad4c08d2b6a4,98.98
5e4c365dd3cf7769a88981f408d069d3,15f7712bb12fe27068e5353d14503653,107.87
5e5c29987bbb83ed38c9b25a753f978f,65060b85a336b487c0fe7d42d64b3b99,106.69
5e84bf559fcc6a7a95c0d302a48c89be,faa3126cfc735934e9e43665018a21b1,47.91
5e8d0f2f1e06e715aee3eefe4c175e52,743dd95aefb65359afe92a764748251a,619.34
5e99f3c445038a0709b2aea8e34ed593,243ee97e01766bf68c3e30f0fe572490,77.03
5ec8f4e8fe5ee3fd5460b244d0804f9e,3fd2baf81d32adb95c43e1d490a8979e,83.33
5f071a8534fb6805fa6ec902f04219e4,a13d2d3b615e7782205484d9c603cbe7,92.64
5f674c43ef69fe052df34f1519f7bc12,62c4b72afa074a0214ebbca36c89cbcf,133.46
5f69f6bf68dce110479aa0bb515b47c8,4cd274ce8ba240b1cff6480fa9911df1,38.72
5ff96c15d0b717ac6ad1f3d77225a350,19402a48fe860416adf93348aba37740,32.70
6051e6d3da9a50b7325cbe9c81025062,c25122206bfcb3ffa950706e1cb10f2b,258.50
60550084e6b4c0cb89a87df1f3e5ebd9,f5458ddc3545711efa883dd7ae7c4497,66.79
6082358a7c7ac731b66ba978a6bb4442,74cba9ad182f87192847d942abdd259d,166.16
61460b6c5d52b8e307108f5412907a1c,b4211f38ade936b62d702e56ec4068da,176.16
6147a4d49752afd35a119d794e481588,938698ae953596e231326da5ff220f68,47.68
615ae1b88a25a4ac47fbf55c9c847b6e,25daddfce277eafad87c4d28d71d8229,84.64
61898b3ad4d51459e014bc6d4c2e7166,a9b67ff10261665661f54c364e82d9b2,128.85
61988b318aaf57d18336c629bc42cf1b,02731f7e9105dec7fc7fa715ccd821b3,160.14
61a85d9f7f064313ebd87019f7a65903,9609746d9d84c1096dce6a95b3a9f7ed,177.90
61e7365ad2e2ce5a3dbf650586623b7f,884e5773f9ec5902aec38d330c7daa7f,98.11
61f4d740ca1d5469d7aeb49f65719f3f,61bb85d582b5ccd1865eda014f0825c7,68.32
62299c8f38bd519b17ca538c3232004b,12097fd2d4e0e9dd4fe1dff039f63b70,47.13
6245ae0abd9de1ae647b5da78c0ea69b,d68585c54450af4bfc04cc6cccbcd607,74.74
626e4ba4ac663dadb68a6fe4b0d7b8d4,6b9aa554bd8240e377eb1aca688e6e39,132.09
62a12e4d2a742b2491d7c00d2d79bf52,b60550c21000f91484c7d2aa2b8c522e,299.72
62a56f9bfe98de42bcdbe6cc57284dfb,aa0a85e355a784775696142c2f29aa48,48.79
62b2adbcbcf4e28df4b998bfb094f3f9,16474d0d0fb3c08f805bc4de00cea8c1,138.94
62fcfe5da58296dface200da2e196fcd,02860b05257510a255778043ce042794,76.08
62fe29a53926ef67e73c4b5f3e1ba6f3,fda187c74a59672dfd4c786231565791,42.09
633dfa0c56ae5c0c7f2e90620ad55b2f,22e62a7227eb91f93cb55ef14a20cbd4,56.50
634e8f4c0f6744a626f77f39770ac6aa,05e996469a2bf9559c7122b87e156724,234.28
6379750dac6a8a1e11378e34278ae8df,6729078b4efa4371e61e6ec7df327846,73.34
638f79643fd5681c6e6c6ef1f1ab700d,69d8d9775287ba592a957eba2211d351,198.12
639b603f09b7050c96e56cd03703437b,e4e7850c6c310f0ae9d0abbe26b075e3,21.95
641fb0752bf5b5940c376b3a8bb9dc52,f5afca14dfa9dc64251cf2b45c54c363,386.33
646e62df54f3e236eb6d5ff3b31429b8,55f35e2e63c2446e9eeea957bbe164ed,196.29
64834bc188a370357ed08e9eabe5f92e,7f34b35a198ead098d27d13705f084e2,511.42
64a2b20e6611bf80d933549f4c45ad84,de62761e79f4ae4169cab45ed5f36026,40.78
64a9f2b487f66506d463ca18152280e8,90714b0e62fe1fbd304fb45fd644ebdd,135.52
64ea4c51ad1203229ba011693f35da54,f384d3d46a938ede0333121a810b4d7d,104.87
6514b8ad8028c9f2cc2374ded245783f,9bdf08b4b3b52b5526ff42d37d47f222,75.16
651bd7286b2e17e1e3ea7b644870e429,f4f2d12420b95f9239bcda119491f2d4,253.01
652c3ffc10b11f6bb6567b4976d901c6,bf766ad0f00b31ea37a0cd27a0e2b64e,37.26
652c4ec4ac6a529e56176feba143e388,ed5b3952b9a674f798d9cd2fbd854ed5,210.54
65312c6e4ce03c0fb633a4ac541949d8,228da462edabbbc68e6d265087499705,68.59
65d7e9625cc211f641191203e231ac24,08999a20d9741d9513c368676f5531c1,210.56
65f78a0e1f8b80c4f6d8d5c6073b8601,1910935b7377a45bca463c844d7a071e,221.28
662823ed689412b9a2e5085620e06070,b4214b2e14c916724d94efe51fcbd1f0,62.83
66305a754211cca47c3a2a59addf19ba,a629686911e06a8876b4b570375c1710,537.16
663830a477534735bbdec9de01113fa2,c1ddb7521d14db9071dccad0a94305c2,38.41
664c5e57eb8479a79caeb79fc79699ca,d1460df3c5915f60fcc35d265ac392ea,63.98
66608d7d921ffa9c6409e0a80f383861,34d4006019767b756428bebda87427e2,128.26
6672ea757b340c6ebd644244a2c982ae,8070cecab3f3dbd764a549623cfa6243,56.60
6699d7eb202a80ad0dd024134fe5ed60,18715b86f15b55cc06dcaef3708656c7,36.69
66cf92fc3ec94fbafc4edd77e0814818,5072cf2f4cbec30b8ba917d5d7b6b125,44.42
66d03fb3c4b0f80b5db04ef9c260336d,c39bde0d4030d5e31e654f0c20db9786,96.01
66e4624ae69e7dc89bd50222b59f581f,684fa6da5134b9e4dab731e00011712d,91.68
66f6b3a33b0339acbf55dd71977c4293,282d52f23f7c0ece9340d411c4d2cdd9,85.24
673426deedf113369fd0f139e97ed084,133cb7dc019947e49b9541c6c2795ac8,164.71
674b530698f9bd8a9167b30ed86bd51d,aa5dfb0872b3828aa250acb54d387266,229.63
675bc8cd15e6b9225582b9161288670f,8a2d6290feaba2aea18c2b8a5a60cc32,258.90
67b47f35ec923e39f1203f3cfa80f5e3,0dd5a932b1e29daa12845dbf696cbb54,41.69
67ba689f4426cad886c40eaf487258b1,70adc37c97e196449a2b5dd84465c4b3,93.26
67d8f4eb477222d7b5b81daa8e007bdd,fb591f7ec5d9419e5a7de2353a87f06b,139.80
682fba8f9ac0c164d162ff702d6bcc23,2c07e5f16a6a9c98a3837783b7e6fc4a,46.78
68553e9e7b2c06807226ff348142d3ba,8d8ae08c6a8561cd5e932281b2b53855,137.17
686541986ecfb7d9296eb67719973bf0,74805bc388861fa350ed2fade8444e0b,39.99
688052146432ef8253587b930b01a06d,81e08b08e5ed4472008030d70327c71f,346.09
68873cf91053cd11e6b49a766db5af1a,4632eb5a8f175f6fe020520ae0c678f3,91.66
689624d719c9fffa2c4ff8f71da712e4,62bb7754e891d448d845fec3cfaf1483,91.19
68a001baa8dbd45ba5096b470f57a498,355971cbe54e13e55beb25fab74f6988,59.10
68e48e68da1f50f7c5838ea75e3a20dd,4afc1dcca5fe8926fc97d60a4497f8ab,392.60
690199d6a2c51ff57c6b392d7680cbfd,19bacb562bd43bd4eaf05b6c0a59dad0,73.25
6942b8da583c2f9957e990d028607019,52006a9383bf149a4fb24226b173106f,69.12
694630e7a7713c116a9b7f0ba3377382,5a771152dd93d31af819d708942afec6,121.68
695e141b92a0f2bc8a7bff7d621692ed,0e9c3be1592c050d343700ba21b7f806,34.22
69aea24ee3243d0535ea6e03789bb5fc,cda108ca8623c898ad5cbedfe9f6fc88,85.55
69bfec47c3230907ad9552f2f1e0c690,fba1b16ea69f821d782b597f71ce2fc3,41.50
6a0a8bfbbe700284feb0845d95e0867f,68451b39b1314302c08c65a29f1140fc,101.74
6a1dff28da32815c94da401e19d2a7f8,29251d6a551cedc7040b152221744460,40.96
6a233c2059af7138039e43722cde5874,7f9cf0ed8393054038c883ea7171ea8c,33.37
6a3cdd7762dfe7bfa407496303097855,d4af21206f409c5ba8408216b06b00b6,157.91
6a4b06a2b62d1f2c69cf1f7a4eae074a,a0d430c59b700550f20303fa1d6b2ba4,46.85
6a5f34bb72296c7b4f4a68b6d742d390,2293c004fae6dedf12d1ab452f89f4b9,64.96
6a6c7d523fd59eb5bbefc007331af717,d954782ec6c0e911292c8a80757ef28d,176.61
6abaa1126b7b6ae01eb168ec3da96dac,6c2a5ea4fbd1854c3827a5e3b8eaf8cd,67.44
6abaad69b8b349c3a529b4b91ce18e46,f5618502bee8eafdee72fb6955e2ebdf,57.00
6ac882284d5fcde113962e178ba0edbb,1bd00f336a9c3b3c35a720f715e7fe58,48.60
6b7c5703bdc03335b37020877a06625e,9ce1401cf82bd5420fe255e02d6292ba,79.20
6b82527b954e1c022661d8827cd5ff2f,0893dbf96f705f3a68f0212b3d2cdec4,47.91
6b860b35691d486e45dc98e3514ec5f6,fee181bf648906d1c57f84f216976286,574.36
6b9ac2a31d647731d9523ae035f17dbc,b25d246218db68891876e79b3476038f,139.03
6b9b73174454a8a1b0a255b448f5e5bb,84d9369e3431d2b768c1e80c9678041d,92.30
6bb1e842418aac0c9c820afd3bb63a2d,032f25110f17bb0d65268257b10738bc,32.69
6bd15a70199a7500ae1bcb5b7bcccd7c,777bf9a904c89700fef785ee2de8c0de,54.00
6be749c0e984143242faa174d084889f,6c347ef65dd574fb9c2d654c3650fc43,223.54
6c12feac9a308e1382d9b19cca7f20b2,5371894984937a27cf40c7d20699a786,220.97
6c1d10d32b895709c06d162678e6bac6,c5cc9a7ee25b3dde1ed09c7568ff9f9f,76.79
6c2953724cd30669e1b904e179a2346f,f5b92e56a780e1573737b5ad7d15ab19,66.78
6cb134bb285a64b0425d1fdaa00d4214,d854800a320bbb07b484f76894e4638f,2031.09
6cc4eb51469dec50a6130fe1cd07b7f9,a207382f0f563c1f430ef732ade9d9ff,139.17
6ccac061be472c84db514aca9acd26e0,ae2164e850f39dce431cb74974daa355,21.43
6cd474b81add3c3d62536cab3e34aa23,796e0c6b3690401bd5592b7ce89be9f2,180.32
6d231a099f98f5a590ad78db56ae82f1,6ee311afc0adb5663ad53868d46ba39d,42.27
6d25592267349b322799e2beb687871e,5bb39c890c91b1d26801aa19a9336eac,201.82
6d46f8b7f485ad93146f9880682d4eb2,ed91cd9ea6e333288382a4adbefaffcf,62.08
6d60cc495dfb5a5851f56f188c4e4059,2f49811c845d9978f54ea3f61741516d,35.86
6d710101fb9f067dd5385ea1b6021946,6e001b127d62e0c00c0dfb63778ae9c0,22.78
6d7de866a140b19d09e825b2a4e944c7,9e5ce657315b2bdb94033a494041ac25,139.80
6da34f9b88619e4ba847c49363dfb425,8ce4d77283bb19ebaedee1fb91fef7ba,116.36
6dab6db52d5bc33fff997ca478ef2f5c,b83ce55fac1144714d63a72e62ed51e7,86.79
6de3383be650cfe96aed26171ad65c47,cae5d18352d2eb7396bd594c706f3624,355.77
6e09e14cbfbf46215f17805edfb79aae,90d2e6f72916e728253129378a36fdcc,44.09
6e341e7f154e744143c5fc3e937bfda4,aa07a30179954e45af84aa94003d2174,39.05
6e546451c98a5df5fccb147e1c68827e,8c7e8c23615d33fffa609b8702645cb6,64.06
6e9cd3f36a1e951e29d455913402c171,aa76c84a162fed7b8e5b935ce4ea7533,386.65
6ea2f835b4556291ffdc53fa0b3b95e8,c7340080e394356141681bd4c9b8fe31,356.12
6ebaec694d7025e2ad4a05dba887c032,4f28355e5c17a4a42d3ce2439a1d4501,153.72
6efcd938092fe73904610b4bd39b2e7f,8ebe25aca53cef9a055de5c20eca76e7,146.44
6f209510f34ce1a8c89d11273039981d,3523a3beae4b3f9d398b0cf0b2bcb630,51.42
6f36c999f8ef8d1a3a999079a5b637aa,ac055528f5a69cba5e02d73ad1ee9a74,262.86
6f54535f38d19e0833f980e4604081a3,c6227a9291e7e9a4fe69b48356d4b38d,609.24
6f5a2dbe5ccce73a9d053a542baabd1c,4d6793a25de1f63ca63869c6cd4b7b1f,307.64
6f6665c1d76e55561978ccb45bdcafc6,12ae89712aa5a178c22147486d3cd310,109.26
6f841dde94727854eaff3f66432c80ea,a9c9532060c9d245f06526c633d2dfba,192.95
6f954a919130aa1e8def4ed1b9fca432,d929280e89af72c9509d90a5912adaa4,22.18
6fa204b6cf6dcfe6c9adca7dc53aa32a,56dfafb543cfa4c2edcc08b9b2c5f0c6,108.01
6ff68e4d7ba469f258223a389f864f25,a182cf6abe84f63e4ee29ac3ad7ce340,139.24
6ffdb56df83717770ba1d34001f4686a,147f69d3f50f2d2bc3797f20fe452ab2,37.54
7000fce52371834b260a8b6dd57eb419,8b22c8fb9fe2cd131779d2cad4931f09,145.86
70265e39902a914077a038864209d3c6,170724a3dd2c3b4b4e82955564e85f1d,253.38
7032fb16c3a9d982c9aa86f47cefdd3e,d946aedc7ae05f2259b2c2f9342e6272,47.88
7033745709b7cf1bac7d2533663592de,7f0ca17bb33b230b47459437cf0682c7,111.51
70462ebcf26934be8bd0327d2e6103d3,fb8b8298c590af3ee3169596c5ec2114,235.84
70c63ecc0f8619ac9ebb83fd52466e64,2e9a3c93d2ff06bffa5cfa7201ab1ec7,174.19
710770cfb61b2c43a091ab2c7b89a921,f3df91219ffe2fb3e399377acfd0e527,65.11
7107c5823a581db0314f8f0fa95f61e7,2368e38c19fd581f0953057716cad811,84.91
711f6009f8bf028b3fa426696b581432,5613454932b2c4229250680708f8c0b8,63.08
712ddc2da1bdd2e1b5f6baf0171860c2,6c9de7274450f72bc4fb8d28f629ef4b,156.28
714e2644ab665027234ed7a6b3e82274,a2ae1a05b2058776ab0138c75da742f8,66.74
714fb133a6730ab81fa1d3c1b2007291,e3fe72696c4713d64d3c10afe71e75ed,96.01
7156f3e0b94405abcbad1a8c94557338,5134baea6a4f11251fc92a2f358dfb4c,28.46
7206b86ea789983f7a273ea7fa0bc2a8,3391c4bc11a817e7973e498b0b023158,49.69
7209ce21354cff1e1957b42ea0a76cd1,d2000bb65d12d7c93b7e27e6c961757d,162.65
72144791fc7fd8048eafc90d7f82ba54,229c98245e2b6995b67be1e1921e62d1,27.98
72344ea1113e3227494c465a64ae58aa,99907dc980230daa7bc0c7e6fb0b08fc,64.79
7249fd69ae42373a6a357567e41ecc57,c2a3ea344de262f71dfb5d9f83a02adf,110.70
727412faf7aef5ef3c7e0f03350d80c7,df01594ad086f53bdbbf927198981446,83.10
7297f6bfea2a33ef176cff30f467aa41,b19a370495e4d833f7351b777ef67b4b,38.13
72bd19ef4fa285334b95bda01a3718c7,df0aa5b8586495e0ddf6b601122e43a1,62.06
72ee4a26e767e55282ac10e63c7b1227,ab4e4f11610404b4184fb812e47bb0ed,112.77
731397db58924330b01248c031dc6281,02f0bc4b5ee293031637b7e8d75a5484,321.51
734e7d1bbaeb2ff82521ca0fe6fb6f79,2932d241d1f31e6df6c701d52370ae02,43.46
7388afc4743da7d6e532b7fd086b4357,986c590aed8ad278ffc220f81b2d8e4f,217.78
73eb70779d3a8a4647f8ccf9c43d2623,7bf43e2d079beb839eaff3937bb6fe81,257.77
74016effecaa79d592487f6a4ee47d4b,6cf4840b6dfe102270032fca98880fc2,51.51
741219cefb77a5c6acbbecafb6d0e6f5,5c7d83fc8f4fb37ef3efb3e08b693137,86.48
741fd1b80f015f170a7f458cf86769b8,df5c9e02596851fcbfc98804e4108bbd,106.38
745e1d4a7f8c4b548881788d4113bb1d,7198d7088442e4ddfe553353d8ddc957,48.00
746347ecc5cc9cb88a346545608fb635,16110c3e157d455044ea08de22990cac,49.76
747996a66f5aa711deb8ae58f5ae46a0,ed1793d2d1e4175d5846ce7ebb4a01f5,18.62
74c951ce0835b2741d3014321ae9c480,e26eb46e8146dedecc6524e5d9771047,139.56
74d91d0ed661cdf6683637341c196645,73126bea0883827ebbbabe078fc513bb,42.76
74e033208dc13a7b8127eb8e73d09b76,72fcbb1145f2889eddcba6d6c1d6c090,100.47
74ebfa44a323c96a7760bd693d690a3d,13fd7ce9f08449dec2533119379a2527,393.46
75351e48296ef42211a0b80c427aae57,cf9e2b07f78cce347089900f49fb4746,98.16
7535955a5fee70328e9fe079653e03f1,68de9ab6df869e6c10cac725487ff831,209.67
75679c6961aad55f81620d8542166135,0e59972cf69e00897677dfb1445ba420,107.89
75d1b089800a77f3c4b653e297632423,5a5bee06f22d5f03e2d648c82571b4ba,41.26
75d4b0b71e66d09b6070bd54c61e20fd,88196bd808ae8abe1b944efe1807b508,29.24
75f433fd5ff62807235cb08b520c3c49,c40c7807639289e3f1308ac6e5bc104f,165.57
760312f5735ee281f01e56d5ddee05e3,4b003ee1eabaffe8ff8e6d75394a9b42,201.14
76754c0e642c8f99a8c3fcb8a14ac700,f6c39f83de772dd502809cee2fee4c41,1471.51
769cad60df1d40dccfd5ec163be24654,ce0518f0279ef8b73d94633720e70b9f,324.32
76a1ee4ee17ea3b77f3c483c0a73e9c1,e54533a3ffc29ddafdcfa45434b9b218,79.15
76c6e866289321a7c93b82b54852dc33,f54a9f0e6b351c431402b8461ea51999,35.95
774b8c52e2dda4cae042a9175258ab1b,f4089d4af6a57725128cafde4c098188,731.37
775130c792f4c6460c63162e994a1114,d4cd9729eeca5306a2c039fe6e55601e,273.27
7753606fb1d0067848f8a1a7ae5abefa,5c4a6f6b98ec2d780b10f1cc88ef208f,137.74
777ee9a9950b655601a65012d4e45584,14e5f1e56b5d74d9fe35c39e8ba04699,249.70
779c166cb7fc9e9827102ea44e43b6c7,b9ba7233b3513f870b7ac3a5e0130234,62.99
77af7c6e42549e58f42977d5be538d0d,fbf8e675c5adcf8c482b04c517814924,128.55
77e9941864fc840be8e4b1ba5347c0f7,3135962ee745ef39b85576df7ddbaa99,103.27
77fc7da5ef4df2c48276ae832072dcf1,a260ca264a1787a1842ced2735bff664,121.87
780fe22baa36991bdbb1559f5b549596,e1862648f338ecaf4242e8e2b59126ca,52.51
7835af1856de332f2f3c9204b740a3a2,d1b370c90ad7dacb840010a6e89c7e89,64.09
7842147864c0425541edd55923f3c0f1,218874412ede29f4f2cf826409ad90aa,94.30
784389cee609eccd4f055e1eb8544285,97ad0d51c3ad245df8f37e747bbcb423,61.40
7845a2492ab1b4f2cf3d56c7b8da1446,386e96046ce0e77e5c9a9a4e818da93c,44.09
7876404b81dcee26d47be1c7131b16ec,e20b5cad78dd8fc3006244b5397d5a0f,67.60
78ab727370e07aaf73b362897c8c6e3d,e8fff6456a357707eba84dae9ef01dd5,157.75
790512cc033ced5f8fe1f9158eb8f2fe,8752a4fb5c55922535507e67d4f431c6,504.35
794f771a39b24c7c47aa9eb198f066ed,661652a4ba9255d6a913c339ee78d5bc,36.75
7958d9e7f3083099780539e0054d0c54,ab23dc90e86086221732547085a7f9e3,48.08
797b565b282c371004d602d05ae7d3b2,fb6f154449a5398e2ff6ad8d8c6df862,190.43
798b9fc552a89606eb4d38b1f8a4760e,3c2317ef8102b203b9857304ca808858,169.48
7a10cbd9fd10b327d327b5efa5b57ad0,5acf0280b9d077d2f2e0e994a64f72ce,35.13
7a9d100d2a88bd95c3f8acd4af29d3e8,6f203f614778c173ade2490e6684c399,38.37
7ab9c55c59eaeea579d047e2d8aaed81,feca0f935fcce79dd42d409d96af9645,22.46
7ac1f3de2cdc809de6aa1e6719451f53,13a4684a5a46fcbafb42d8e30af15219,39.75
7afbe6ef708d0ae150028f52512230ad,f80a9faaf4e610c5a191d4c5d19412ce,55.60
7b2f3756c235e93b2ad6330c54805401,d79764082a836f215312d98c964ce478,82.32
7b58fca3faf09217a36d5febee5739a5,0966fbba1c0e8c5e26e31166c2fd3ce8,76.76
7b6a7a66fce3298e019fa8bd99a7d4ff,ce8bb2a8b394a2e1ff263be5e3a44d65,91.66
7c18eddfcd24680d80a502346221614e,b7ee9b824b4a83b389379ac70585bf3b,423.67
7c3e6d9d783f5fb5927a500abf1cfbaf,b1e99a86b163f1f25e7e0fa3360ad93d,61.27
7ca4e50d72a12009d398a335125b4871,0f9863eaf7169595f5a7699580ea5695,161.08
7ce20b22753ccc86fdb3b6f7efefcc75,738612606cc6f7e646b915359c71ee4c,78.68
7d07b6c1321e0ae86b7d6205e015f0a1,2cdced5335b76d6e563bfa3a40bcf7a4,294.14
7d1ac7d65c6b5d59a9ac241fa41da57d,dcc13a2d32ff7ec6e1920580280f704c,35.09
7d219bd2feeb13ad311a00db33c06a3c,3740f4d0edef80f567eca55830ec9e8f,105.37
7d2286ec219f58023352077d938dee48,5d6e19aed6284c2fcb4b1a0eba6820de,143.94
7d3d0586319a920f50ceec0a5a9eaf55,e46ace8865b4cacb79e81b14663ebeb3,211.56
7d7b903bbd7d3b762ad60115c30185f2,bf5f428a6f809242d47242a4159db97d,123.38
7dbad9087d339419eb06d86950842742,aa738cdb72af39e38482fa25b992c67c,76.86
7e05645577366863a93350aac5cc7de5,21809d6b8acb4ca628358610aea9435c,148.76
7e3e92dc3eaf5389f32da97228f7dd0e,62d50e9a714ac024c196d9548594e2aa,95.21
7e3f9f89f31e57c84fe4ef9a5bb9bc1e,87b5d2464401b73336fefb8b1e3b91c7,224.94
7ebe19943d85e81a7b0eb108681276b7,fa3a8736d5ae8f7df9b0a4154d0b14dc,211.94
7f54ad19b476573fb7bf3beb2faa6c55,2e19f8c8ec1187ae5dc50e54bfba01a9,133.64
7f63d30a32c2ef0e63febfbc91b9a132,9f258623281e8e6c74463a67f640c4c5,82.83
7f6ad013a5d4f135c074e96bfa4de9a3,bb78e1ff2a9e97842dc581fc896e161c,255.84
7f94f1618e029449c3041113289cc240,2f07e48012def52891a4e56dfca6b9ff,101.60
7f97f025c45cac922275120fdee4e062,695449e690b9ed39a1afa2dc5f3e900f,34.86
7fd4d653725c9338a9c3eae892dbf616,7ac9814735089053e51d2756d3cdedd9,63.37
802ee584365ed44c00f4207fb17ae67b,e66e06fdb34d8289533411b7061d19b0,57.98
80b0f4fc350532f6e0ce9aa81ccde91c,d06f910929d7ece5e8090c5b4ef80b08,218.45
80d36d94a5ac668fd0479b5e848207c9,3fb8a3a262c0e12894b068f551c9f006,319.99
80d817467dc3d0a4bb5ab8986c962b1f,a4a2abd07b1cdd4902cf245cdfa1451d,132.88
813f8916cd12b887b0fa271f3263a4d3,bf22881f1f23a79916784ac5b4319c56,42.42
8187896518689722d7c05bfbaeed0933,c499f24d5aca03c90fa6ee05d32d0988,44.00
81b3ad9d86770e51048835a0f288b162,393337d78fbbb29b0418db20ac54bae8,56.13
81f2ee7669eee05b13906d24d43ebc69,7b0fc6ecc532642ffce9a191715e3faf,133.75
82566a660a982b15fb86e904c8d32918,d3e3b74c766bc6214e0c830b17ee2341,50.13
825c221a4e981f278e9c5ec6ead83a3f,933bf00ad9a4f8bfd36bd85e09bd6cba,87.44
82b1c20e33da405ba22cded4ff91d160,05ad208d1e3ae7d49fc33c89026327d2,32.77
82bce245b1c9148f8d19a55b9ff70644,388025bec8128ff20ec1a316ed4dcf02,267.80
82daed31f80350ce51f518369a8d181c,d1240cdcdb9e6f08aa9a329bf1751c0e,96.88
83018ec114eee8641c97e08f7b4e926f,7f8c8b9c2ae27bf3300f670c3d478be8,92.97
8368e1a19aceeac973a9eff4ac3245cc,271b5cf8d44f5321d8a512c459472fbf,77.57
8373f5d7df6d9249999fd38f8513e6d7,690515766f9073c82cc07cfa11c4fc11,130.69
83d47a55a238c75386e31ef70f5d8b45,99de3252658ad6466297273b6047f3cf,63.73
83ea47ad24b5fce57aa5ade0fd069c94,6e8a9c87724e18b7e567193cdd3e4b45,58.14
84398110dbaecfbc9ef3dc592c6b189b,add72faa5e3cf873054bb6ecd9472e4e,58.62
8447ff843b2616c50c0ced28ab1dae03,e28dd4261bed9c7ba89ecaf411b88f7c,238.69
845f40ca6f1b315562f20fd125f93330,a8d44d89ce95add58cf1e8a2f41304a0,332.14
84cb0c7a55c176d0a08ced1bfd5d0af5,6c90e1d5132397793019aad82cb7c985,122.57
84cf671bc3869df812c782309ef46a8d,72a4d28238f6eeded6dbeba88988cd6f,38.14
84d6d9710c8af32b5e88f2d1c14ab871,1099d033c74a027a78c1d26e1de9c8ad,57.68
8563039e855156e48fccee4d611a3196,5f16605299d698660e0606f7eae2d2f9,106.95
858505c5992f35429d07aae37bad60a8,0fa5382628eea6bbb19fde8b076dfdfb,44.41
85bbb7b7b20d622bb504d5e2be1ce4ca,317fb4e6f110c2dfc11b19630875cccb,68.59
85ce859fd6dc634de8d2f1e290444043,059f7fc5719c7da6cbafe370971a8d70,29.75
85df002ba0e8668b282706e73132a0e5,0bdca8cf66b7d24237c048c8992a8b7a,58.00
8647ff7e5f9536a33f5e6fd7f2c08d2a,f277efbc37718499302b3e189bde8e35,145.57
86674ccaee19790309333210917b2c7d,1b338293f35549b5e480b9a3d7bbf3cd,135.82
8692f02bfa6e672dc1feec8381f8127e,0c5c8c5d9a4416010c6174ee6d8c59cb,52.85
86b37610c0e86e94afe3d5ba4b73fa14,86ff82570097f39b2193254f540e4a69,161.30
86e574a0701d15590bf31783bc7de5dc,cacade100f1ef4bb325438538d726a76,112.46
86e6162676905a8c6ad0bcbd7df8debe,9846fec8bc074e976b741b9d766afded,40.60
86f21bf63784876b9fd6d35f46581d72,332df68ccac2f2f7d9e11299188f8bce,120.84
86f408a9212aebbcddb41c1e8c65ebe0,a81e8424b6bfd433cfef8d7bcb36b26d,35.45
86f93f534bde58b65acb4aa52a45c8eb,81c6ab437fe90b28b08c3da8d1d12694,148.49
8713b68a2b202b96d7de08d7e0b8f1a9,94eba5d03fc4a87e9a98c17ae4585bf7,48.69
8736140c61ea584cb4250074756d8f3b,ab8844663ae049fda8baf15fc928f47f,83.69
87386e2485df1ab61a6d060a092e4d6f,0728f6d108255cb411a50fb646c3c7dc,53.82
876309add96f9d84db9b2379de836323,a12dfb063d9ba1e0e2f7485b9a7d8987,29.22
879195f2460f97ab2f3bf119f2e8638b,09cdb569d94234872c468f2711ca0f91,39.75
87afd3fd1ec1b984a228c772b5dd2a4c,7f47f37aa5317f1a00d397962a0dc7b7,96.43
884b1394fc8888e6a877df86eb19e74c,7ee968b8ed74301e0cbd3e44416cad9d,55.04
884cb4ce4a06390d35206de06f785d13,d19813c8754cc82d0add67df8bd8a38c,24.38
886554d6a49f10154eb12b81a6c4ef4b,42382073d3ad89dce202e766862bc851,117.46
88a01a140aa9a9b29927d71752e9b7cd,d420ffd55c04ab7659d5e02b1ea6e298,305.51
88c588c116fd06fb8e48dd83af88ec4a,8787c72a20002592238d7b80721ab729,29.49
89165e6d4c28047da0adf13ac8b3e1b3,4924a47e8cd5630b3564e26fac55c5ec,118.35
8944f7ffacbf68290782beb6f6d21ece,3b1cbf321a120453df51216a651815af,122.46
895e066de0072faddf0044db8e490353,82e5f3c993ab34fe01c61b83e0bd7efc,376.39
89b5845c9341e01e139bfc80ad813feb,294f9b2dd014db206f3af9ecdc0dee53,88.62
8a0b2bc5c7a1c524635f4de8bae9dffe,764fb80689629a0092fa11ada23a0c4e,1008.30
8a49984afb76dae66f3810e1b7093ec4,3cc640f13134a74f3bc34b9b0094d412,116.34
8ac7bcd85522aa82e2d89d27ea9cb818,0482519d5e3d179e7a3b00d6722bed50,40.23
8ad3f1d0f96992e43566c4c82c9f6c58,948b29e24216a05fea13a18d8db45ea5,93.59
8adafb3466daa5395694d3a906ff9d40,b7919647bde69acc948baa47823d6c75,218.02
8afe6304c5643864e2b19153a205ae5e,074d070b1ed0835cb29a609475f41fcb,119.34
8b2f04328e5408c6e2f9ebd38f2af662,c7dfe8a4d98f2c191a73944ffcaa76cc,56.00
8b346abc34a6e64bc67fcd3b0eccdc9f,dd1506d329d9b0135855082aae3c79ac,376.45
8b37f436aea079bd73bbcbe103d14a0b,63d3bc89cf22616c68960d0d11258a5a,594.55
8bb0e358b3866146681505153a180c4f,15595427948a23e4ac9abeaae54f9f31,80.56
8bbbef97d763f4dcf2e12cc5b5e0cee6,61ce7eba15a872699599957e5d18f0e8,154.70
8c62c4d7adc71858b6b2751c0e3b96e8,8183bc209961160c9462b9007e7ae910,104.46
8ca57f2b32c00588cab243b2115441f5,284e326e8a71e55bdb0b210ddfabaa27,1480.73
8cd615f11b504c1ea4ea2d07e7ac2930,ce022d7f2e8d5b3ea5884c8bdea62226,44.97
8cf0fd0e7dc9c106fa1f09ba6bce7626,3d90a8bd92497095afe20f9efeeab825,158.09
8d52f577ba7567489fd16d17e594616d,e773252cc3222d0c3ae7694b271e2e32,124.85
8da4b52fdefe7256cbe20ebf03ac47b7,550290db9e0772d476e9d9aeea14afa6,129.56
8dbdb81783a3c754dc9441826510a36a,2d0c34b4b379c290f079d39df12304e2,117.20
8e3f8be6e1ce8ec5b39dae59e0aabcff,6520161e793f944073a132d97e9af083,154.58
8e96f3e6633f7601ec50f3a904c3a3a2,c5827b73d67d474d76a268f0dda54396,54.33
8e9e2a5d159d5718b34b926a34a0498f,3e8da88b70b67f67a05f66a138bd7f14,56.78
8eeda294fab8a5ed70259afb59a10ff8,6feea03756fd7ef4fb37d8f7e44aaeb9,187.20
8efc076145638bcd5298053ddde6ff0c,faa299ecd22a2998858efc7cb87011bc,49.41
8f06cc6465925031568537b815f1198d,9916715c2ab6ee1710c9c32f0a534ad2,317.34
8f08b9fbb16d480bcb3c53db1eaf49da,c0cec5fc3063db1248cadc8347e223ab,118.01
8fc207e94fa91a7649c5a5dab690272a,c69f8b33e62ecb30ff78ae46d7fb9241,135.51
90349f264a3d6a2525a34598d09dda6b,d19f254a07da73a055409256e9bfe40a,314.34
906aae501a08de5072a4db9471da01a9,b8db3ed2d28a258de61b1db21e042868,38.09
90855e99e15fa22aff68cdb4323b27c9,b8f2034a26d0832f43daa3a588a9131e,115.79
908e767e28908dc5ec61fe0ef8ef03f9,64d181ef52b1829800c598942459061b,63.46
90e4c72e836cb3e0bea6a31fd981a346,3ce8f9a70471f7eb4e9f4de10402dbec,102.03
9115302ab0ba4c1f3499709b47bd00a1,123d6a7316b4ab48074d72948fd412da,72.10
911ac4b6a3d83be295853192aa63fbaa,4a9a0fbfec7f28adc3a7ab9ef3bdef08,35.77
911fba382ab724c847ae5577e47949d4,838bc2ff67963202eb29e748923c15fa,177.58
913ed16681197337e68e936fc28b8370,42a17b496d860f35546c295e70f516a7,71.07
914e96369a010ec52a412b9d6a499e57,4eaea066b56bb518dd5180bfc10c6630,85.23
919a615149354b4e074eff65adaeae81,ba8a4209b5b60ac17ac458fdf1d34ddb,60.09
91b2a010e1e45e6ba3d133fa997597be,cce89a605105b148387c52e286ac8335,192.68
91bcade2288597459e1dbce52d6d0ef9,449057269c318304d8a753f64c181b07,163.32
91c75b7ba1ec17918b96773bc0f8f443,41280f8f9f6be62c061b8af89ba9ef54,22.04
91d7491c6b0eada151a7e307697841bc,baa9fd7c59cbbfb067439f4ecd72e848,73.72
91db217544d0eac98354b11f2f35abcb,c421c11493ae12b2aa0d0e455f015299,67.83
9236b5f6966275539861284a31b94efe,ccae8f97bb03a9257e3abbb5baf17a1e,82.39
92a9ef7f0a0d392c9ad0d5f44e86b4ba,4d8c75952e09254a602a3a059d0ac367,57.78
92aff898bbb77b43b3ce8c33bc2339f2,39b99beee67aed8ae9553366b6f79de5,124.85
92ba7c89244ceee45a169b86da9fcada,92ac000d2f928f22b64ae50dc34f652f,96.43
92d1d8203d3deb0f8b536250763d8bca,b74f0b9f1edb86da06a9c032d80fd1e8,52.58
9320275e627cc0d374f04e77e1ee2f0e,369a3bfbe0d193b57a6906b4f5f93d8e,197.95
9344ccd01ff5fa7ec2aef0ee7e1c49c3,4fd75fb5ef1f01c7585bf746092a1544,51.79
93483f560d46ab6fb3fbf571c59d78dd,6ce9b26c054b6e299e017f732a862b87,149.14
936a3fe5b1a1e04018a9c33a62c73ad7,438843431aab8910d758e33a5b972f8e,38.13
9370fc845feb5045400765a17c075cae,d020628b224f6a7738f735fa3f648cfa,82.70
939e85580cc5404abd2ba9df25330fb8,df059d8e5672ffde042a480870e4fbea,57.20
93a21c10557cc1b1ecfe2c3a808c648a,45c9fcdb0cd88a5630cb4405c4d2e4a7,338.00
93b82c635931ca55e5d20e0d095507ce,7e22aa38ee8f6869c7efd3348b63be3d,101.78
93ec3e2c9a4beee38c28973d307093e1,330ca6b207006779da875ef48faef608,204.45
93ee5063c90357efe9aaeabb20badbf6,9f4578f809480da7c0bc98fab02c1cc3,49.59
9472d3c8a0ad463cbfc89897334431da,7e016f9ea275279784f42e0642214284,89.02
947ee6ab639791b5711558a7e55cf98e,92a24fa199710ba33bab157e838a86e7,2223.12
948097deef559c742e7ce321e5e58919,8644be24d48806bc3a88fd59fb47ceb1,95.67
949d5b44dbf5de918fe9c16f97b45f8a,f88197465ea7920adcdbec7375364d82,72.20
95266dbfb7e20354baba07964dac78d5,a166da34890074091a942054b36e4265,187.57
955e2b622db1a1f4031ef035ce9a861f,8d0c2ae2c7b532f0e90bdd06bc9a04b7,211.89
955ea2e3177592d909296220d7fcdebd,58ffe52cbd8077e75af00321bd152ce2,419.12
95a74a28d622001aafb5dd088ea0d88c,b3519c0352b07bc3017acebea4ce6724,50.68
95bf775f5db872acb7ac9cf5cdbbc292,ffc25a124da207c0b90a002ebfaa7184,48.91
95cf9f239f724799131f7ca949209bd9,7251aa758779438faea714941f1051c4,97.88
95d9d2979d40161be87292ff88563cba,e4721b61e8d2b4b85d606809f6baa292,64.58
95e42e6aaf6264cd3e77c06b32dc3003,29ef1f160ce630146dafa02052e2c5bf,92.85
95fa26b6ea476ed040e592e0a825d6f0,9aad6db5643769b3d802a87328ec31e2,163.69
962debbd5f682617761de8b0f7789bc5,5ed8d20445c356efaf39b27949caa8c3,47.74
9646b5afa783a0861b20b9b106229076,8ce7e88df97ba2a54e3b4b6f3ccf757b,117.47
965c963c874eedc47cd261cbe057121b,cf801016b25bee7696b5f84e5c944b34,124.29
966d505c98ea667c11343331a5d67722,26b32bdec947c658c37dcfca2859bdf0,56.69
96baca12064c33aaee05b2a4be3f3f2c,8b9918302ae3090aa6f372883638268f,107.41
96c3a40e38272781dd5b3dfc4797e8f7,76ba803a22ca2f0892036acaead6a065,265.84
96f182413ae321e91ee91f3e422c6416,fe4a4b61b1485be6c8e635377ea8f0ec,91.79
97012c3a032fb57d51f04669419f5a49,a3462eb52c92ce66a03f2eb65b58de6b,179.04
970bbf79974ba1ef73cc21ee6fe52cc6,7b7f18d5f94e3c25bd66ec35e87383f0,2024.31
972c2e78e9af23a750a48184aadfca4d,9a311a6bd1f11fe0aa7cd6b77ba8e8ad,51.09
974c1993ab8024d3ed16229183c2308d,a90391a47de936d56c66a5366cba1462,84.56
97a00daa2a648f9c4b0493e937928b72,e86cb194c0a0517d578d5c412e2aaca6,46.77
97c6f98cd025659444b815df5050d8d7,db5374a5a0de70b9b226cc07f00c7de3,163.97
97d3d89c5b932c10e6d3d4d8c2ba7dd3,4fea6b3a96c9c399aef5540b38c7025b,137.85
97f6c1beeb18315f25509f009a45b111,e7ea13209423cee1f34f8e8c7c8eeb23,148.06
97fdf3115437c18e71138bdaa80ec60b,e3c94f7080293bcec3facb041c6d0f7b,81.61
9855054362f487c4f25172bd0b8a44cf,3ad37c1be46629ea6935f7eb2362b380,127.89
9885fff91f7c807525f8320e5292a3db,83257fb6f3a1edd3a75464178aa3f382,156.67
989225ba6d0ebd5873335f7e01de2ae7,816f8653d5361cbf94e58c33f2502a5c,63.10
98cc17e56c367cbbe628aca0bbf9f08e,242b387a8eebcaf8ea3c588cdc79eb5b,54.09
98e54ac24cb241c366307ed88ae84902,3d2b9ce5685b7810c56c6b8babb0432e,400.65
99c0817d6ecd5fe55d21540917f1f5f9,9ec73448134f871bc7bdfdfd444813eb,64.10
99d49f52685bd8c00ec0c341cc75d68f,119b719f1b5c337406af6f99bb135b78,22.29
99fa6518deac14b2890b49d1645d64be,c495ae8dfa83b158b111fc7b8304f032,95.58
99fe1f54d97630a40c549779ea00e8c9,fa124303523931c3e5f132f33e9110fe,206.99
9a3492f3f18d2b5cf77e8ce369f84d80,ee6afaf3c3be813761f25c1e66b8fedd,31.11
9a40a61b2f04271f655c7423a3fb82a7,9a28e3a685c60162824386a74a34771f,130.69
9a45c6dbf2fc4848e0a8883d4efe827c,a455f91b7ce36ac2eee4d8c54a05946c,333.60
9a65fd6f0966e358fbae4d1b54f73ccd,63610193234eccd8f1c33dfc050a1b4b,165.09
9a7c4a07a4b1d502cdba82f5b60123ab,8df60f4b5c7991242bdbde7c034f2057,183.29
9a886ac42ca6eb5571fbdd1bdd8be02e,c7f920a7b4aed73af416b5fa6f5c5584,37.86
9b0efb7141956726fa720e1ab576d4ca,2ac13f95801bc09dc5624673d54d4c31,48.27
9b2fa9acfe395734a133a58bcbfb9776,aeb0c5aea1d62b3e494a86bad308f85e,318.37
9b4d44f88d31a9b5149bba90b6fb7b7d,36ab33aeafca98cf78d91fecb98faf0d,64.00
9be42eec91e05104d84b81e71a9e6b81,89232b00f62b63711ba3be0c01a172b0,248.91
9c1becadc6a0c6445eb02167b8d1bbff,fc788d5e3648d52793588cb90a77b5a1,36.69
9c30d1a4692fbd9418f2404ada176ccd,c6c138e91cd9b75b300f8d5181f622c5,144.01
9ceb8ab5165cefecdddb546cb5a6362b,eb1c0e1ca3e17eccaefb7f0d4dc659b1,138.09
9cf566da5a3277749dbd61fa060e8110,a4c79e8a9d9fcb82de5dddf33918fb47,205.57
9d033f810cbd1a45838c0d451bbae981,5366b0fd8d98481e724d2c25b0f6be0a,116.97
9d047c83463a30fcc3f2b361d9a33d2f,21f1477f3d02e7fd1ba28dc6c596dc17,46.93
9d43eaf1f72a6d200577517c4e4265e0,855f0b8c477c57d9c5d0210c260459a5,155.73
9d48a2dfef2e0cb6155f816b9bf8489c,c4e12dfa6412f54cb99c38787dca987f,20.04
9d513821c0477231fc7c1bfd684d13d8,00a6e2753fc2652cb87386ffbf5792b2,192.14
9d531c565e28c3e0d756192f84d8731f,d4faa220408c20e53595d2950f361f3b,40.09
9d5dfd77cf32bd319a504f77a137491b,c590bde02b403025bd56faa049638968,202.26
9d8698c08be0d1824923f62270dd0d3f,6dadbad06dc0935c3987489ae60c4dd0,45.52
9db49839ad325c2bf4303df727694be2,3be5a877ceebea2954404c6ef8e70be2,62.74
9dc8d1a6f16f1b89874c29c9d8d30447,d9442164acf4b03109425633efaa0cfc,916.02
9dc9f2ae74e006656a3312dd31e76b5f,37d017dda9c2b37e56166ddeebc44140,100.04
9defaf92cff22420e4e8ef7784815a55,64fb950e760ec8b0db79154a1fa9c1bf,62.69
9e3239dcd0d89b2b4e9315e93f265c84,94fa5fb873b594639bd9eb8ebb2bbe8a,82.12
9e5e54c4be8f6625005c76b7f8801ee8,6bfd1870443dc5b9f1297214b35e865b,87.13
9e6bc602a2466daa94736f31d1319c5d,8338cddb98bbda6167cbec66540a8942,356.64
9edd9058babbac571631bfc8092e47c3,959e9e378242bd601d7e2dc08828f53c,133.05
9f035a4126d6f9cf43447e9b8eb6abae,ac7e3d34240c0ebfc003455c2e04d10a,295.00
9f2da077d2d1eb6e8abcacef8776e941,2386792ff4818fe030a3b1364994f51e,54.00
9f2ff91a3b8c4c34b7847c9c68971cfd,623438e09482cf7300ffdf9b95ffd9dd,119.24
9f39472adcdca3e6eeaf227576a1a427,8805f5004091e5a6d6732b4b57c94e3e,36.35
9f882c1f904b7dd156572ada58d7a7ae,843ff05b30ce4f75b6170b39c78a8ee5,102.74
9faeb9b2746b9d7526aef5acb08e2aa0,79183cd650e2bb0d475b0067d45946ac,151.04
a027919471097ed720c04340e1495e1c,6df6c2eeaad604627aa688ae063741b2,315.84
a03310d9287cd64790388948501066cf,737d438cd631428265f911322d7e7f9d,96.31
a03ad7057fae696dd18f8967826c209f,7df71d1652cfba8b2a70cf665c960f74,78.09
a0411a1811cf1c3c1312372cb0495c6f,d156b6d121b154d0eae17d8993d4dd40,193.82
a062c240bb299fa3f0ce55cf05ec8390,c305a666dd035c61be69f500d3a2ea36,77.51
a06c43ed81f5c604287461f4d21949ce,da82d24c21654f951fedc813df8a5dc6,137.04
a094215e786240fcfefb83d18036a1cd,86acfb656743da0c113d176832c9d535,132.05
a0b05780db06986cd81518fc9cc9b34d,e95ac603dd00da603acf38d05e55d781,138.21
