product_id,avg_price,purchase_count
4244733e06e7ecb4970a6e2683c13e61,59.233333,9
e5f2d52b802189ee658865ca93d83a8f,239.900000,1
c777355d18b72b67abbeef9df44fd0fd,199.000000,3
7634da152a4610f1595efa32f14722fc,12.990000,2
ac6c3623068f30de03045865e4e10089,202.400000,12
ef92defde845ab8450f9d70c526ef70f,21.900000,5
8d4f2bb7e93e6710a28f34fa83ee7d28,18.566667,3
557d850972a7d6f792fd18ae1400d9b6,810.000000,1
310ae3c140ff94b03219ad0adc3c778f,145.950000,2
4535b0e1091c278dfd193e5a1d63b39f,53.990000,4
d63c1011f49d98b976c352955b1c4bea,59.262727,55
f177554ea93259a5b282f24e33f65ab6,45.000000,3
99a4788cb24856965c36a24e339b6058,88.167131,488
368c6c730842d78016ad823897a372db,54.270103,388
8cab8abac59158715e0d70a36c807415,99.900000,2
3f27ac8e699df3d300ec4a5d8c5cf0b2,639.000000,1
4fa33915031a8cde03dd0d3e8fb27f01,148.900000,20
b50c950aba0dcead2c48032a690ce817,99.000000,4
5ed9eaf534f6936b51d0b6c5e4d5c2e9,24.982857,21
553e0e7590d3116a072507a3635d2877,46.483333,39
57d79905de06d8897872c551bfd09358,26.748621,29
1c05e0964302b6cf68ca0d15f326c6ba,122.823333,6
5d7c23067ed3fc8c6e699b9373d5890b,52.913043,23
5a419dbf24a8c9718fe522b81c69f61a,45.652222,18
21b1c2f67a9aafb5af0eb06c13b9dbda,227.400000,4
c389f712c4b4510bc997cee93e8b1a28,285.666667,9
1c0c0093a48f13ba70d0c6b0a9157cb7,109.900000,1
89321f94e35fc6d7903d36f74e351d40,28.367311,119
38afdf723b95d455b418a0f57d623c6b,119.900000,4
672e757f331900b9deea127a2a7b79fd,405.000000,17
28b4eced95a52d9c437a4caf9d311b95,59.900000,22
e95ee6822b66ac6058e2e4aff656071a,21.509091,11
23365beed316535b4105bd800c46670e,15.966452,31
50fd2b788dc166edd20512370dac54df,21.825000,40
b10eba910a974df70b8a12d0665cdb9e,38.900000,10
4089861a1bd4685da70bddd6b4f974f1,49.750000,1
fe59a1e006df3ac42bf0ceb876d70969,762.008333,12
c6dd917a0be2a704582055949915ab32,98.903500,120
0b0172eb0fd18479d29c3bc122c058c2,25.267500,16
dbaee28f4ee64465838a229582d77520,54.825000,8
dbb67791e405873b259e4656bf971246,79.265568,88
84f456958365164420cfc80fbe4c7fab,92.837477,111
e67307ff0f15ade43fcb6e670be7a74c,18.870976,41
30c01cc81c9eb80469371743813789cc,38.330000,1
777d2e438a1b645f3aec9bd57e92672c,69.870213,94
884fa3cd42986ba480ea2f8ae4e25ff7,195.000000,4
bdcf6a834e8faa30dac3886c7a58e92e,37.621563,32
a5341e3f8155dbb3e62323d3ea289729,88.939024,41
e19ddcc85537b41f22116c8d5425ef46,29.990000,21
e6b6e13cf71449a457269f425b89dc74,94.661905,21
13fcfc313dfb2217e5ee3000a702f9ef,74.900000,2
4e3f399366b0047a572b6682f9bb166e,14.950000,4
18901878788fec7ddc55e64d1ace8187,149.900000,2
0c4d0a08f95c7b7dc5dc7402bfdafd4c,19.990000,2
35537536ed2b4c561b4018bf3abf54e0,382.307692,13
fe077ec80df6b4ee60bb4498d5ab1962,136.272727,33
430d215740da7fdda91cc938f8fd92f6,104.142857,7
892832da5b05b0f54578e1f14f193c22,165.666667,3
6490b9f63b0b595e1c1402b46b0f50ad,279.978571,14
71c89e9d8fa274b017279aa322cd0e19,44.900000,4
df3655ac9aa8c6cbfa63bdd8d3b09c50,37.990000,7
059344baebbeaa42fa9f2bbe11b1583e,29.990000,3
d9bdf643d95cb89844c0da1a0df1d16e,121.005556,18
7614c62b86a81021243e438cfde78ccc,502.634000,15
01c666c82f414c762ad21bffa56e8b49,94.900000,1
c2ece64199af7a53793ed9612a89a8cd,83.080000,35
cc47c0863559499f01b4cad750929d10,199.990000,3
a6f449f6257f26e556013151cee46b4b,99.900000,1
2d9ff06c8870a518f5f6909774e140fb,78.000000,2
97c58626cc3e15d514d2095f69650220,155.000000,2
d54c5b81fc2b38707588dd4eddc7c594,262.740000,5
9eae06d51aaa383b2bed5547a19d581c,53.980000,4
d41dc2f2979f52d75d78714b378d4068,8.996667,9
880be32f4db1d9f6e2bec38fb6ac23ab,43.973939,99
ae27a5524edb2c8dc4656c670f458fb7,49.385714,7
bd7cab8de4d7943286634023cc06f8ff,230.769231,13
c8e7c2ef329fcda4a233e7e2f8bb8b7d,39.900000,1
54e5063e43f27f747d592eb24e913150,76.000000,2
08279c494018541f71443c07d77560f8,159.000000,1
2b939dc9b176d7fa21594d588815d4a4,95.020000,15
87b08e712cc4c9fe70984c5a24b29e2f,63.900000,1
e1bf2f209fd2b08e1af3ed71732d9008,168.885000,10
1f9799a175f50c9fa725984775cac5c5,59.900000,2
13944d17b257432717fd260e69853140,59.900000,6
84904413b82eee333a3f79137e8d197e,232.750000,2
0f2fd0a589cb7849c1dbedbd4109c2f8,50.800000,3
8a6187b2665118d5095f99a25fd7ba7a,87.000000,2
ec02a5d380128f7a188e9ce8f3ddd832,131.823077,13
71a5f1c2a5fd9889ef26b5ac22aec9c6,22.122222,27
4c1bbc12438daec98a77243c2bf7a3ba,140.832105,19
3a264b078bf20e98f315ff65c23fa263,368.323333,6
38fa750a3a3b3204f169c86a3284d387,40.981818,11
99e71b776debf2f01a69dce207e3e4f8,69.000000,4
62984ea1bba7fcea1f5b57084d3bf885,180.450000,4
a4d286543a67e29c930c99cbd7a55a8f,104.450000,2
452f66a0f164cac57802e2cea93188ac,45.400000,2
fadc89c2a60ff96b18827644074dfd70,76.217000,10
db886bd83f6a076a2caeb7fd02722c35,220.000000,1
41402af2a88247152583bb812ba235dd,277.000000,1
3fbc0ef745950c7932d5f2a446189725,65.750000,150
500870614ddcf5bd84f7d26861026c8a,17.789375,32
656e0eca68dcecf6a31b8ececfabe3e8,88.493617,141
4bc3ab2ff016887e619e587a993af3bf,229.000000,2
53b36df67ebb7c41585e8d54d6772e08,116.666935,323
3f14d740544f37ece8a9e7bc8349797e,84.956374,91
8b5632d7a4f86bd2f1331355305427e6,166.500000,8
5e21d5cab5d33e770d8150a4ee6117db,49.000000,12
d0fb1e667e989933a80444f93da833c0,37.900000,1
01cf56cd6138b926a4802d16fc304149,178.610000,6
9545d45c37449ccbc376de3a04c66e71,126.390566,53
86a11a09edde2267675505fc4d56d9b0,94.900000,2
19f0917ba5781b978298ffcd9ae225c1,97.990000,4
ff6caf9340512b8bf6d2a2a6df032cfa,7.790000,3
9df0e8a7eef2a38b74e6d5c0e224b11f,178.490000,2
a9c404971d1a5b1cbc2e4070e02731fd,7.600000,1
389d119b48cf3043d311335e499d9c6b,54.695383,392
c589625c8ccc7bfd2e8f1fb041e24c4a,110.320000,16
8c5876b1c7768217964f353bc7e64393,49.061017,59
cd71c76f5ab15f51f24fb214fc42d8ab,159.900000,1
28a652ff04e43c1bc57937a9f8770f9b,111.652174,23
0c753fe6a58dfa7a27bda5de76e779c3,21.500000,1
5a848e4ab52fd5445cdc07aab1c40e48,122.990000,197
68c923fddf7f83316b53252eaf830724,70.365000,16
601a360bd2a916ecef0e88de72a6531a,127.393361,119
0c4a0f8ab44f9acd2d04e7024f9ba362,33.890000,4
d1c427060a0f73f6b889a5c7c61f2ac4,137.651633,343
41eee23c25f7a574dfaf8d5c151dbb12,20.300000,1
8695c431b31927efef5343e675f279e7,179.900000,6
d9c01b484ada6a360c2715a08fdf1568,109.900000,1
bd6e8cf9fe4122c385da2bcb9f979d5d,61.700000,10
2948658cb6abc82847412be7201bfc4c,114.084507,71
7e6c4a0bf900e259f50ba63331fd2785,70.000000,18
381169576b9f3c083a1c3261da161a3b,46.860000,8
7e97894cc00196a56d6ec315c68b2353,98.991667,12
fb7a100ec8c7b34f60cec22b1a9a10e0,49.990000,36
4c3ae5db49258df0784827bdacf3b396,22.851429,7
03bb24d19ea7449ce170e0888d830707,152.766667,3
f9259c9e7c0f12c70f7a81409680a5ff,72.618400,25
32a8448d1612773bcfd0c5a8dd235e4e,39.900000,1
3d514fecadf6cef40a2a32a3c20cd1c8,159.900000,1
f819f0c84a64f02d3a5606ca95edd272,644.988444,45
fa11ecd35f999783e96ac500532d9d45,189.900000,1
7d187801885842645486f00fb166f378,14.900000,3
205604b962ebdae1c924e0d14e6e8ac1,43.900000,3
2fb0efd1f61f186ffdda9e8ec70f27f2,139.000000,3
02ed3b595447e948efc3eac897e4df0e,40.350000,10
2f763ba79d9cd987b2034aac7ceffe06,469.000000,1
71bdf1a4d18c3cd68f108547f0b4cd1c,59.000000,1
525f8fbde09c9bf777025c3141fbbc6e,35.900000,5
735413ccfa564132a231aad945ef85ad,96.990000,1
e53e557d5a159f5aa2c5e995dfdf244b,84.367486,183
b20004b530789d5db586f589da0ef3e3,229.990000,1
e10758160da97891c2fdcbc35f0f031d,56.000000,2
83d199d296c44101c8c3b5c9c0cce9ea,72.342941,17
1ec486885049bbb9b79351d150ed18c4,49.900000,40
85d619318aa201aca57171aabeed0048,14.000000,4
02475368dfb38934fe55f574024fe1d7,29.000000,12
08574b074924071f4e201e151b152b4e,95.215044,113
8474d936fee23f0c45620cc2022871cc,549.000000,2
aacfae7cd4bac4849766f640abf2db8a,39.850000,1
31a2f42a87890f87d77daebdfabc182e,146.457143,42
00ffe57f0110d73fd84d162252b2c784,179.980000,1
0f80705139ce16ea35bb489987399b55,219.990000,1
526f833e1eb0a32ad9351145a761b9ab,129.000000,3
bfc0d01be79d9038c7720f983bf954e0,135.437500,16
85b8a24337b4e2571f8fee38f4253a06,37.000000,1
f9d774a1820f792952eea079a40a7c6b,154.000000,1
722f84416177a451c3be217ef8ffa082,253.520000,1
19421075ae0b585f2dc13ff149e2119d,47.255932,59
0ec7b6a863e219792bc4d50d3a62a839,152.042857,14
ce130b350f529a1d6288f927da7404ea,64.900000,4
15c30c08ae39469fbf52befff9569adb,185.996667,3
779559842fc122d55edbd03153f35e81,27.400000,8
e819fddd6622f30e872bfc89471c1408,39.000000,3
2083a6feb4bbb31f6abc92fc24e468c0,6.923077,26
e1c0a39b7f806727ea5121c60035ed3c,269.000000,1
1d417ca09479182e9fdf13a1c77c309f,99.900000,1
7340a3839a1de1e99d149b8cf052a2ec,69.772727,44
a963ea4d494221de09b70f1b4a70edbd,89.900000,5
e40fa115d27ea4a80bf2136d5f0cfcd7,159.666667,3
22d65c4f3ab25834df12163a3403da32,57.990000,1
62c89abe1afe3a23c17765d462718a4c,244.812500,16
57f2bc497c1a3ebe41ba7a06d78ed159,54.973684,38
eb8dbe7d2dd22ab3547925e49a78feb3,133.000000,2
a8115d34a4b7b74388da609692162c37,32.900000,24
5b3aa845bba5aa7ba1216e36ae882cfa,14.896154,13
016711f78a6a87696645db0a6a834826,100.194737,19
f71a7c95a86564873cd996896b2976f6,90.000000,10
52a8061c8e8e8cea30b41344aac26431,43.490000,1
77fdeb8d4f7502f75b6779205f30a875,118.828889,9
efec0b0b076ce3f164b80145743ebc02,9.990000,3
d5f1f35337b832cc42168c69511e311d,28.500000,1
7583d9a579408cb84bbc7b0e4548ec18,204.971429,7
fa28f114992077c601cdb9810c5108a4,135.900000,1
23f91e3d76be3938bfad0ff292392502,249.000000,1
f23c48d81cd6a0c87f5c3b14aac68371,49.990000,1
bf06a69bb27c58156391de458700f3e7,38.000000,3
cbecf0dca7a42c56c9ad9e20c74af1fd,84.990000,2
a50acd33ba7a8da8e9db65094fa990a4,117.300000,84
4dcb49b9ca7e48d2f108d40caa77caa2,96.500000,6
9bb2d066e4b33b624cbdfec7d50b3dcb,97.840000,15
0ea04fc101523a27bb53845d14d7d809,18.250000,4
d64e758afad411049a45e42c9a259241,11.530000,1
b596e2d70dd2f5fb5ff9ee2a1c803e5b,257.490000,14
464383c22e65860826cf78650fe0f4e4,89.990000,1
e8c6039a25765995ac7c1ec2cbef5765,23.900000,15
55782cb82e0efe052da0a3da237da3b2,177.003448,29
ee3e94e918d05a5da04a4cb547e91dcc,133.910000,3
eaa26a34984cbfedc19b1e45f09f3c9a,92.709091,11
dfbbf137ccb6af48e66d186a33118579,62.000000,2
b6397895a17ce86decd60b898b459796,158.000000,1
636598095d69a5718e67d2c9a3c7dde6,313.250000,4
36826c711e5778c8d88a7311cc29c446,129.000000,3
568ba441f7f464dc73d23a91cf8ca671,143.540000,3
06edb72f1e0c64b14c5b79353f7abea3,40.781608,143
f3b8bfa5b86249e75e5c0632acc0e82e,49.900000,2
595fac2a385ac33a80bd5114aec74eb8,119.216038,106
35557c68a22ecebcf066e25ca2ddc144,16.900000,16
1629b469d01aadb4f92644039ad17d5c,29.990000,10
519f3a4ea67cdce4923fbc76badd6bd2,30.990000,2
617186c3d97ea56c9c683a8a3974e8c1,83.411053,95
f7a17d2c51d9df89a4f1711c4ac17f33,52.026984,63
ecab3fa721d1b06c225f23c30f02eb5e,139.490000,5
fca62108387e25005784da2f551466a1,249.900000,19
4834f24983a4f056e5ae64265f723aaf,24.890000,1
ee0c1cf2fbeae95205b4aa506f1469f0,51.664157,89
786248c98cab9ad5cccdb751909da1af,15.990000,3
0aabfb375647d9738ad0f7b4ea3653b1,24.061268,142
f8b624d4e475bb8d1bddf1b65c6a64f6,179.000000,42
64d67d69ec57113ff99bbaab62ac1c53,37.900000,2
56cdfe67fbda57c1dcc752f5f361f981,95.892000,10
33bd5538a16d23f0a39da1c9bfd20980,177.900000,1
6536314c94d43b787fc1c622941da14b,32.990000,5
aca2eb7d00ea1a7b8ebd4e68314663af,71.364137,527
24a014458ccc6e989b4fcef5fa71da58,109.900000,6
76d75f398634bf194ba99d7297e7d1fa,52.990000,2
e9f2586707fb45ea0f9997c54f585842,110.900000,1
fcf64c72035fc6f17660bae96c933ffb,35.900000,1
c6336fa91fbd87c359e44f5dca5a90ed,43.736170,94
634256dbcd184b3757ffd7632c9fe52a,25.463750,72
224037b21bfa8621e39c265513ee6594,579.000000,2
78efe838c04bbc568be034082200ac20,95.506931,101
8323a7adeb57da21acea7e83563bed90,39.375000,8
aba86c093ccdbac75b09111d57e50004,119.635088,57
5403528d987ad26e8d7cb25940411987,48.896552,29
66f09a6de4f2ef63aaf5349b60a0e0c0,27.900000,1
1e1a186a03f0d98268516827690d4fd2,68.600000,10
eb883e95b710f252cb15d0fb41d8bbe9,105.000000,5
7e8067e7e5ce7aec0e2cb7c1a456d112,25.790000,2
e0d64dcfaa3b6db5c54ca298ae101d05,163.849588,194
3552627a68384dc559f0fd4cce173269,196.566667,6
72d6074ef5c81ec3102b3f2a052c5f49,139.650000,4
d9a5a5120d4d357871acd5408cb10e18,59.900000,1
0e40b1ed4cfd3da1962ec91913e54ba8,13.650000,15
e5bd04e8e3cb77f1a49404d588d3e528,31.900000,10
ba05e2861971098fc7ecd8162c23452a,33.990000,1
87ea2f45559e10519513a20b24147316,158.900000,7
5b4b8595bd33017cf3c87c8ab09c2e42,47.400000,2
121b9686b9929855d823981fc655a6fe,55.081818,11
c075b8e131353552218860f1c421e4ef,56.935714,28
e7cc48a9daff5436f63d3aad9426f28b,174.365591,93
cb3ad2d2499eebaa7ccb4fd1e7db9bc7,69.900000,1
437c05a395e9e47f9762e677a7068ce7,50.051032,155
5d90b82ad1fdff812987fa28158b7984,40.900000,10
4a25d757ff72fad7534f478c90be77e6,14.582273,22
69455f41626a745aea9ee9164cb9eafd,162.255610,41
2b4609f8948be18874494203496bc318,87.373923,260
33fac76e7f17367dedaef7954bbb33b4,86.650000,20
6c90c0f6c2d89eb816b9e205b9d6a36a,165.500000,2
b7d94dc0640c7025dc8e3b46b52d8239,174.319000,10
d143bf43abb18593fa8ed20cc990ae84,165.500000,1
55939df5d8d2b853fbc532bf8a00dc32,165.500000,1
1427b126f61597524866770b05d4eed2,98.000000,14
e70f7c188cd2c0f01a1f6b35411cc481,78.000000,7
cfbc837967ca671ee87f5243f2a1024d,21.800000,1
20566af10fda4783935b8cef249fa4c3,118.900000,2
cdc9d87e17ccf98f35634e6c3b77073e,119.800000,5
216bb0e0cd43ffd832e0973d35e0377e,45.432432,37
7289a8d65ae2c86dfdee27f8af257a3d,449.000000,1
7933eeb8cf79ae899bfac71c0edb076d,139.850000,2
b944aabf1fc45c01599ee96c7f4d533e,17.300000,15
c4cf7c2e1f190d51517eba7e8211c8e6,29.900000,1
6131240aedf34224270cd6f07e8229e4,37.775000,8
e62d582ddb7630168d7227ca1f9edbd2,59.000000,2
f196248e8b5d060cca414a664ea9a76f,199.000000,9
adf591c625cb265c12bc6749d3a2f757,31.580000,10
8e7a3ee016b12c87b5e3e7e717620758,120.909091,11
ace05b62c79dffc86cd12b281dc05b93,24.990000,2
c072e7b87c8413341505d50d8234fbc2,79.000000,3
5d66715cc928aadd0074f61332698593,19.771094,64
81e11b02560e506662f5d75a88b94fa5,158.000000,1
4b2653088591de362e6ba85b4a474c75,1050.610000,1
ef8856db4e302ad33dc4d91e40f7593c,106.364000,15
958cd4fc82ce0223c757f47bc9d67e23,362.450000,3
2ffb8b836bb62d53a77a69a67814fffa,44.550000,10
1a0d662b65b5ef08796501b064c853af,14.990000,4
a3f986f6c4400aa6545d224be435f812,125.900000,2
cebff45f1d1558430be0e07ac0df6a68,98.900000,20
79e42c4fa2bde6e0c828d23c4fb7df35,67.566667,6
101a896b1137f70a7bbb2b9fac61458d,297.765556,9
8c81af91a9b96d073ccaf0d3402ec5b2,59.900000,1
fec85e6c0eab9b4bcddf9ccd917c80bc,29.990000,1
c35498fbb4358837ae16850f50c3fd22,73.454545,11
1809be4f054d8243278d6c83207696ee,56.000000,1
a60613d36f37a7b27d3344f40f6a7945,168.888889,9
702a14f9c5a93130c3346c4de901d864,57.950000,1
23227b07fc69250d2fa4be6602011aea,64.900000,8
44fc450365728c413fefc547592626be,852.533333,15
5fb8e63ae576fbfbd243c50c5ce74050,20.990000,1
f471a2281d25a1dbf3193dd5e969aa0f,19.450000,1
71a7800a633691de8ecdd17463335e2e,66.536364,22
616042729c11849827291496b18e9ec5,58.584211,19
eb2d12bc991561d4ca5deff0e60854e4,123.925000,4
fb8e60e1a3c247d3a2e17f6986e71a40,189.900000,9
7814c273ab16783d73a9863ebfa8b141,238.258065,62
a0450529bd974ebeaf93b1731184396a,93.233333,3
a35a9f46dcee0a67c8c7ad8493eb4135,27.909600,50
6cdd53843498f92890544667809f1595,350.834615,156
4fe644d766c7566dbc46fb851363cb3b,100.969346,107
c5b72065154ec27c2d1ed8a654c3348f,190.040000,30
4f3b83b83f7fb280fca4f90ba502f50e,99.500000,1
4cb6e86e1328e77e20b5f90771683cbe,104.000000,17
2e1963427978dab49b4bcb0a07b109cc,79.000000,3
8ec7eb9f181b55edfe7d45092c37a3ef,62.704286,7
c4989935ece6a2e0c0c148ede45f640e,419.900000,6
11a0fdc4251f15bb96dbfff7ef5475eb,299.000000,5
b5adf7b72a7eb667aafd446581c35f3f,223.220000,9
183c95ad186f48c320bbac4643829d3f,49.900000,16
abc3432ff825d8e524db1d4eac6d2099,39.984194,31
76d1a1a9d21ab677a61c3ae34b1b352f,178.520000,32
9dae52e79d63184a0b32da87c5aabecf,132.900000,1
65e3848513c9ab70bf542e5d694cf072,36.850000,5
a9516a079e37a9c9c36b9b78b10169e8,119.362881,59
fb78b116998a9911245664c7823e1a95,94.990000,1
9ecadb84c81da840dbf3564378b586e9,36.164433,97
f2b67cf6ef88cbc9c2f3e482f558b318,96.566667,3
7c6ff274f0411bde88f5df8db5f64693,173.000000,4
fbb1cfc2810efabf3235eccf4530f4ae,44.900000,2
2bd9b51a9ab079e095aca987845d3266,77.160000,25
53759a2ecddad2bb87a079a1f1519f73,54.657373,373
d6bbda35f0b8505c2f824f1d90295855,55.644667,15
013ee64977aaa6b2b25475095162e0e9,69.990000,15
677d8ace413e0060fa8686cde56eaf10,244.300000,9
2fd91ba79b5f4f8342b67bd79cb54b3f,39.978000,15
35afc973633aaeb6b877ff57b2793310,87.787212,165
7d88f23682af2fc7db5484b6e41f8993,38.400000,1
b18fa799c2e098abdceb194c359938f6,69.000000,1
2a2d22ae30e026f1893083c8405ca522,142.150000,70
ec2d43cc59763ec91694573b31f1c29a,45.891374,131
69c5919a1b057b3d3d8b58f3b9b4b89d,71.000000,2
d6dc2dcbb3ef25e47ef82f3c013ab820,227.100000,7
817e1c2d22418c36386406ccacfa53e8,163.687500,32
b69eb25e3a4def8e9cddee18712e0c5e,200.666667,18
b532349fe46b38fbc7bb3914c1bdae07,36.462189,169
4e64dbe0b03dc0aba80f28b0b922c6b6,49.900000,2
583f158587cdecda3e8bdea694021e39,45.333333,45
9b08a09bf2fd9731cfca8cb3db24457c,39.970000,3
9fb9a39f2e393018aaeb432394aff48f,149.000000,7
01ff1ff8aa5dec93e9938b989393a4ca,52.914286,7
b74cc46deca5ba8f6a2226df8041a0b7,146.900000,1
e583bb5fa3cb1e876a6ea48f21dfef34,22.500000,2
5d422bd54b54307ff7a5e770f40946e4,11.900000,3
eb551aa4ed7eb5e2839d5b7d2896bece,19.490000,4
8afee64dc809d5e833ae113a81774ddc,7.900000,2
940d38f0ef286bd93612fcdc91dd38ed,85.140000,9
54d9ac713e253fa1fae9c8003b011c2a,32.074561,114
a157e6178c6f7a8355999fa9cb3d136e,18.250000,1
cd4b1bc1c7c94fdcd94b2a7a87eeb050,135.333333,3
1491a8ff192d4b5c369b0eaa2fe33ee5,203.587600,25
bb1fe952bdc16ef8974d4ca11aec19b7,154.900000,1
b22658be72921a967a7d592dfc61e54e,299.000000,1
2c3210fa1dfe1fdf8b8e3254287c9e4c,126.990000,1
96f608a5fe010cb34dc25baee3274444,49.890000,1
93a99b40878c0d888fa4f44459fcac05,8.000000,1
810e2944bca9850b934e1570ba372e7d,78.000000,34
447934cd014b033280977350b730d892,229.990000,1
475af23239b1120761482ea242b1a271,94.400000,2
81825b8f118d301ef4933de64545b307,165.000000,7
873ecb2fd02d35f52e5820550e538e72,199.000000,2
b5e13c9a353102f79c6206ff5cb61a50,85.834066,91
315affd5901833621c947264eb9f2588,136.415000,2
0bdb7583b74c0323d413497fab3f2a3c,27.990000,1
6ff1fc9209c7854704a4f75c9fac41b4,25.833333,6
0f0c4960b05d6145bbb4b348423503ef,43.000000,9
a9028257171c93a8d948ff95a0082b0d,27.485714,7
ff5d87897ed26d564711df324b98ebee,274.900000,6
9f14f401fce2d9ddd450e7ce60cb7f5f,11.702000,5
d04bbac48960ecb7ea311b00ca6e1cb7,104.707317,41
20c26b058070cf8c6bbb8c8943eea98c,59.900000,1
fea7f0c147905a41ca324c0e3234a4c7,110.000000,7
24e8c79f39c68fbdbd57a5813ae72b94,73.966667,3
8d7ab3701456fdbfe2526636ce15327a,39.900000,1
3fe46d73f7527ad59e36c21c3e783041,249.000000,1
79c0ace2ccf0da036e787875a49151a4,383.058824,17
9f69acd4da62618a3f6365b732d00ccd,33.900000,2
d67212d63e76d57ee86cec463681f842,208.100000,1
ea11e700a343582ad56e4c70e966cb36,593.360000,1
c31539851232e3accbf0ef4c571f97f2,52.500000,2
cdb8d3c880b6639a70764c6734e6bb69,66.000000,1
a6cef514bc1c722ff447863e87e4d77d,127.480000,1
19c91ef95d509ea33eda93495c4d3481,121.086154,156
e8ca1ff2d0a28edb5be8bfbf2964dc3a,48.311111,9
3cb39171fd36c50097f2dedbbe0dfe6e,29.624884,43
b8a0d73b2a06e7910d9864dccdb0cda2,63.135294,34
9351b1e4334769dc0abe871ee3c7abc3,67.633333,6
dbd55362ec13c706503b1c71a5068a1a,102.000000,8
6a8631b72a2f8729b91514db87e771c0,26.641935,62
dc2410804cf782c5d87dbcd201b74e9b,166.727273,11
766a6a4c51c63991e78e192d802787a9,389.000000,1
ca815d1a82897d9d4503e2e367931d03,119.990000,1
2c2491f31fe7320124ccf2f3404354a6,27.990000,5
c1617123e66d2491ca93ceadfd36203e,52.847143,21
f5cb4f19ca215fb34aef190918d45f46,87.340909,11
ca7966fa77959536468be3c6ce1f19e1,899.000000,1
913eefa4eb54c8a9bcb9871dfd94a0ca,120.000000,9
3cc842aabeddd8ef0d633a10ef8a51aa,279.990000,1
dea3de7c4e7aa375d564fa2ddb7099b7,59.000000,1
4cb33e9787e8a38b82bd68e70f5f4700,234.390000,3
b67a7d0ef75f52b4b76368927a3037f9,249.480000,1
d33a74e1b6cfc152b6b3f43324d54987,14.990000,9
8d1224321dc883703df71dcb5be296b3,109.730000,1
b60856ce32d90658dbf99b9485327c25,9.000000,26
6eda94acf0ad08a1bb12f10aef74767d,239.000000,5
98f34b46fd3c8edec3b0e453e0095e77,13.990000,1
242ec3ff603c92ddc1e59d83b9e40a2d,26.663333,6
9cd17b1cc8db0de6b175f213e9054c01,189.990000,4
aa8d88eb4b9cb38894e33fa624c4287f,54.909091,33
caa1675deee5711b3aff1e4f5946266f,59.430000,6
eb3569b5cae58e2c6f616f86d3fcd507,99.900000,1
176faef125e3675b4eeaa6083ada61e1,24.656667,3
10dae91e0aba95747e90280edeffe883,25.990000,3
629e019a6f298a83aeecc7877964f935,111.454054,74
b0961721fd839e9982420e807758a2a6,57.745669,127
0bcc3eeca39e1064258aa1e932269894,54.094783,115
87cc2aef12eddf0b170234138b0946e0,185.810000,18
d5bbfcd27daa6365834ed9d16195d64e,501.900000,1
93c902b021a9e594f658ab1b0351602a,100.181690,71
09fbb9fc5bffc1ce6dc2f66289dfcb05,76.000000,1
cd59f488cef311feb633141ad1e8563d,15.320000,6
07c055536ebf10dfbb6c6db6dbfc36e5,45.900000,30
741a31499a578979be85db7f80139e62,45.900000,18
8338cef8355d238f43711dcb9c0657b2,45.900000,22
422879e10f46682990de24d770e7f83d,54.911612,484
0ce1e35bdc6af7e582e7ef9363e29b5b,17.323333,9
aede48631330269f65a8d680de491657,89.311765,17
5637032095493f280eae8d9da00da6f1,49.990000,8
e3a23a99f074226ad690393a840c3244,54.997500,4
0c7ec2b24166d57ac38a9db523711782,78.100000,4
5c699beec1e114bd15b35cf8d01ec6b5,81.900000,1
a04f52ded97b5530e8783e3c002b90f0,79.900000,13
8c0bd0d6526379599b74a3a006d4c124,27.990000,1
a9e9edb1bcac585bfbfa381ce40e5d99,1820.000000,1
5a6e53c3b4e8684b13388d6aa4afdf12,16.305068,73
a4800b5d0f4850922208a6cefcffed51,255.946667,3
c4baedd846ed09b85f78a781b522f126,100.597517,149
e9eebb8e8ba0fadb9020f8ba1c003b48,377.900000,10
42a2bd596fda1baef5719cb74f73030c,91.804762,21
283dc451ad3918badb976d56ff887289,91.112121,33
cdd68c0ef3e507db79631336cf9ec285,68.500000,4
fc13bac52be6640d9a77f54894e2c0e6,29.031250,16
d04857e7b4b708ee8b8b9921163edba3,70.585238,84
11875b30b49585209e608f40e8082e65,65.603030,66
3354a4e684f5e7199f9407db70ccd92b,90.406667,72
5c6a3e484e7aebf406c2045718dea406,97.596667,15
017692475c1c954ff597feda05131d73,14.101923,26
1716ea399ed8ee62ba811e6f55180f45,3.490000,3
81a3d1dc085d3226530f23cd4af5030b,32.293333,6
a93ad122024312ca432da7f7b32474b4,66.000000,2
306b0c58328826c0564cbc520787d508,89.000000,7
9ab817d90bc61ed772ffea01b4cdcdb6,155.666667,6
e2c3ed9aaddfd2312a6a5fe9b3ddadd3,99.190000,25
f2af004352a06a99dca765596240cbc3,34.895238,21
4f2c53c9a1a7a00a247b351c1fdbed13,21.990000,9
8317b177579dd27ff068b83205e2169b,180.742609,46
bcac2cdcd851929a5caa3e1508d5abc9,109.900000,3
f2bcc887769f563eb4f126389e64715a,63.566667,3
2d4d78eecba060a7127c5f6a21cdb0c7,128.698889,9
54d7ad85b648d3cb2b7069ed446d7f35,156.390870,23
29427de7f8a9ee983d9dbc51cec569b4,99.254124,97
6782d593f63105318f46bbf7633279bf,27.900000,6
d7cdea99e6f50310c242d02f16f1f63c,512.150000,6
f77dd338d9f75229a09cbb9a18fd0c9a,25.500000,20
f9471562478eba8761bc985b968a0092,58.662500,8
ed08ea04c92f5f434c2362f7310fb328,5.530000,5
e1fad996d18315862e15d09446c5c65d,127.450000,1
b0ed7fe63babb3e705115f53fa74b20c,28.400000,3
145978af3e89b318be0b717a0953649a,20.761538,26
8ef8561be5799da29925c5baaf083a13,135.000000,1
33f789f4b4fa74053af0199658b78853,30.000000,7
394b16cd32e9f883365dd7ebac4edbe0,14.900000,15
363218ba55c610b750224f90bdd34be1,80.503837,86
c9bd28e8a4220af0723c7b7f97778681,129.900000,2
6e77b89d36e50217e6793780a8ce5c82,36.751905,21
586328f570ac0b651d452f1227db4d1c,79.000000,12
9bde344a67494559d37249506076d638,219.900000,2
cdc4af478fef19f03f1d0353c00271cd,27.547059,17
98d61056e0568ba048e5d78038790e77,167.221053,38
060cb19345d90064d1015407193c233d,146.761538,26
fb19ac22e32dfecea21afbdde4b97b5f,221.821429,7
5f504b3a1c75b73d6151be81eb05bdc9,598.950794,63
5411e9269501a870cabf632f05655131,118.870130,77
83b23a333b811855258c5ec9431f6d3e,16.000000,13
a00722035cea70bbf671b758459cde42,189.000000,1
91b08d34d0ba4db44da2dc382867ba49,10.972581,31
6ed0ed10d62b45f3de46933b0b2989a6,109.455556,9
2136c70bbe723d338fab53da3c03e6dc,29.000000,89
d36d9ea1497c1e294498cc39df08a687,159.900000,2
2fc7741cb6ea76e7164f448adc44652d,59.900000,1
78b7b1ff2d3f06a589354ddf2f4f9db3,292.900000,15
a0eccc912d428eaddf1ef4fe47593ece,143.000000,2
6f7400c1577bd99fb7c9cd196edb6ae2,99.900000,5
f0af7ec9760e53f21277444f32ee3308,99.900000,6
b92421ea3b457d6bb68c49f39d4e97a8,32.500000,4
9a060643636bd1e41788cb32262ac9ef,15.000000,1
9391a573abe00141c56e38d84d7d5b3b,230.000000,4
6fc983af1a5229efebcc40ab26d6226c,79.990000,1
b59b5899ecf4bcc294a72fdd48adaa94,29.865000,18
c6ea63369936552872ae890c82175b4b,200.039773,44
7c1bd920dbdf22470b68bde975dd3ccf,60.028961,231
9d8a0e115e802d845b4ce1eb794d1260,120.000000,40
94976cc078d10e74c19c62f0b3b52432,140.428571,7
521a361808bedd9fffb32181e501e09b,149.900000,16
159e7e73295b609960c0797eb64b3d39,139.000000,6
304104a478e3a605db6072a22e4ee228,299.000000,12
6c321ed0f47858a8650f4104771224b5,49.000000,8
566d15b940c0d5e7a0a37c82b8ce353f,121.720000,5
9aed412277ca4485a7bf6e0c53e65786,35.950000,2
68bfdbfe84f03af17733b10362f10020,45.000000,1
b1cbf530dc2a793ced8e0768ffcce501,45.000000,3
429de6049b45a9fcb96aff1603f55d3c,29.990000,3
b0cd550945da1de6eb9cb69595d540df,84.900000,5
6de2587eae9fb1ee54a853aac774ade1,34.990000,1
42a2c92a0979a949ca4ea89ec5c7b934,59.399454,183
68bf2e76db1d8e846042e54da87399ca,77.828571,28
b3145c36d221143053908beb4564bad9,64.900000,4
7a10781637204d8d10485c71a6108a2e,213.059441,143
fbd4031ddbc3d02b95834b62769d3ad0,136.500000,24
33a8f9ff2a9a41c0c49a24d12e106151,30.900000,6
f71f42e2381752836563b70beb542f80,32.042857,56
f399bbedb1d21192dffefc4a8b30a229,72.000000,4
e0bb3159111d86828b5caef8725ff055,101.000000,6
7088744b00831b410bd17716cb578f39,34.678571,14
ea3be87c5c6c69043c9eb7836199c200,59.900000,6
382132cf96c88a277a65226833af5f61,56.566667,9
e988092a8afe5d9393a5c3a7ca17691c,52.550000,12
609c35bf8122d5ab8186ed7a6bfcd843,7.500000,4
f42892b40225227fe465626ff509a92e,89.900000,3
83309bfd8eef19fbfaa8e790b824b572,76.900000,1
060c17562f97e5bb60bc0dfa4dd5b3f2,24.937368,38
c9c6fde711572c1ad99ca12728c6af00,30.749494,79
bc74f63361c15c1a5baa5b97ac432e62,220.312174,23
59089e1668cc247d055ca3f9149093fc,144.150000,4
f4d705aa95ccca448e5b0deb6e5290ba,24.900000,25
372124d6931c4bc48dd0d56075ebee7c,24.900000,5
861857117917aaa99611defcc0d514cd,173.714286,7
656d923048a96be8ec0da05d7b71aa28,43.900000,2
3d1d7aa3dfc91ac9490303d6c7342e83,189.000000,1
7272a36ac93b0f214500840025f04a73,14.900000,1
bbaef2eadf31fe3ea6702077398be06c,56.990000,65
aa8627a375771ab01288705307ec4ae5,75.000000,3
12bc892d6fff0dc42c8177f3665ef00e,33.330000,6
2de4aa76a72feaca51fc8f83ae037c7e,43.900000,2
50d77758742285ff49f340ebdf0df5a7,26.520000,15
436c8d57ff8d4aa254318e9bd9b48c83,56.900000,3
6ed58ce8373b3d0c7704df9daf21e4d8,66.000000,4
d537e54e990d95194a5733e79f1af1aa,139.900000,10
ead72457c58dcea14f94c2223c684716,139.900000,5
3c949f7dabf571691248f935a0063fbd,56.800000,1
1fa52682d6938b129312ef4cffac1711,164.700000,5
ccadfeab525a9eb1569983b66e5075c4,84.937500,32
fe01b643060a6446e59f58e3021e66b3,140.404348,46
9c98b59719a74f32903537bc5c9262ce,139.900000,1
01a88bd2633c52bcc66348307cb3ae15,359.980000,2
ddceb6eef6af67e9fbbd4c148dbe5fd9,212.398654,52
cee4ebfc997a2ac7f01145efb59cc7be,156.566667,3
26c3ead5dff3d8e393e5331273f4e91a,44.000000,1
34194988e78bc60417003c8a235b8083,195.000000,3
f646af315b0f3a597f69213537ca2199,49.900000,35
71f2ce4ae5dfdd3b55a51c7a2d3c4da8,579.990000,7
2b0ee2d07306f7c9ac55a43166e9bb4b,59.990000,25
6592908f0a4f6e2de91310126cd1b08d,399.900000,1
7bcf2266b78ccc737b8f26f925d3c5d4,43.370588,17
b8fb835549196ef18695839a1a749584,320.000000,1
e9a69340883a438c3f91739d14d3a56d,166.662241,58
6987398dff454a3138231540e2a6ec61,141.696250,16
138d7037b59dcee052810952c983033b,153.250000,4
2028bf1b01cafb2d2b1901fca4083222,55.620435,138
83b92639fffd1d55c9e04c77c86d8d2c,80.753077,13
5ce6a6914bbb228f4cb4ee93c1cd0d15,349.990000,2
b00a32a0b42fd65efb58a5822009f629,78.081818,11
f71973c922ccaab05514a36a8bc741b8,102.886000,65
5d0386961a44323a9772e63672317131,99.990000,1
eb6c2ecde53034fc9ec47741b3232c9d,33.851429,7
53ea9da485f6aed8a6f03a85831fe021,257.146410,39
ead9ade61e81ab9e26d83640c3164e76,152.000000,1
64fb265487de2238627ce43fe8a67efc,91.281200,75
632fe3d92c45b5c83f4102fadd94ee92,138.000000,6
f3dadec221142e379d7113915c1d0fa8,51.000000,2
8c4456c061013adccb1ba4cbce2d0365,738.900000,1
a0eef953cb25bc9ae40457e1c3c82946,69.900000,18
152397b614be35e54106663bd5671f7d,560.750000,4
ecd7770e1f7f64ee8c295da808d2ce5b,79.900000,2
b0141fc41043ae23a16677f3a7e282b3,139.990000,1
092efe1dbcc1a4752b17a19fb6de36dc,154.940000,4
431d674f9a4fbd0957ecf6ba3fcb6899,279.593019,53
77e8ff91e2cccad62b30a0a83bec431e,168.800000,2
f361fccba568fabe00db466f80626d1e,16.126818,22
84bc1370758fa98d08afd0180818217a,199.900000,1
18692fdc7adb29c885d8cb84eb68a97e,187.200000,1
036734b5a58d5d4f46b0616ddc047ced,35.812222,45
b5c114b11d53b6fd85a6a90790f0b479,42.900000,1
c7fd13b5e515bffdab855d0812842edb,68.843269,52
0e362037e5f02f62c8ce89f49cb9d520,39.600000,6
e7db7c40ea6647c808d48581f1308d88,109.900000,20
d2f5484cbffe4ca766301b21ab9246dd,12.880000,52
448f0791c4d2fc5d250a401edfc208d4,309.900000,1
84f5c4f480ad6c9998d6a6860f1a2e41,41.165000,24
e82773dd03318132e509b6330c868c7f,84.990000,1
423a6644f0aa529e8828ff1f91003690,446.833333,18
a659cb33082b851fb87a33af8f0fff29,88.595652,23
6b6b162b177d0f36987993aecbe1c65f,109.990000,7
3fae92f8d0ebb3317991934a6d717c47,59.495000,2
9b02b650be0a39d8590be7d35be443f9,59.000000,1
3a7612c720a4b764c4fb87633a7ebc88,99.900000,1
b1551ef44e04265b510840b991b24b51,79.900000,3
4fb3e6ce442ce9c621ea9509e47ac951,106.076923,13
11dcc970f7a5581e1bf777b6da3f7096,69.488235,34
e350532acfc2ee911b6dcf1029dcb48d,110.000000,9
f9b0ee95ce8b1ef8b50eecc5e0fa4348,27.260000,6
a2f0a41fa03da98fd19e20d996462cc8,39.900000,1
78c3942245093508f8e17ffc06a0dfcf,35.323333,3
81efaa22f3868f00c8ef1879cccc3c03,46.550000,1
f24bb438da3185d5fd5a19e4d7433827,629.900000,1
ba47e9a1c96e01fc866a0b30f9c78e00,117.233333,3
f2e53dd1670f3c376518263b3f71424d,109.212500,32
fb060ad9a8625b626189641799bccf89,44.600000,4
d6fe3b4ddecd4a8393c6a1385de3bfb6,198.715161,31
2629c2e1e3a0b360912763741f1bb7ef,62.042857,7
cd48f265a63e13b762601f5f794c5fca,49.266129,93
d84895a804248d73a16480c0b2e18604,158.000000,3
476f613bc92f3a20cf80a586fa45a232,39.900000,4
9ddc4249779322828f89d2a9c04f7ee1,107.101765,17
28beefcab28e6a3b659bae1bf1cbe453,26.000000,15
c8c969c3a6423f48df9fde8a13e6770b,21.990000,9
fdb86e192fdd20037175daab38af9656,359.000000,3
ad88641611c35ebd59ecda07a9f17099,155.701034,29
1bef08f119466a85a83919d5b80facd3,15.900000,7
11bbef4e2a44601d9dd471aa1fb433e6,330.516316,19
41db6d8062fcd38410c699743ccc0265,14.947778,36
8b41f2becf919f6177cca1ff15dfd311,103.990000,1
b042c934bd8f4316e7b38633aa14266b,109.900000,4
10714d6a49c0af9ccdab2d806887c5f5,59.900000,10
35ebf08a93899d44e756809e11b14754,16.368222,45
8232a265a535c1f886b38335667be2a5,59.990000,15
d2e8130fbec52f5dac0571ea1993f28a,239.990000,13
4a300735bc293723103db0d0c1bc1585,71.718182,22
e95fb3a80ca294f39de925b6428f3a32,78.900000,4
639cacc61d50ee82079176b446399376,35.890000,4
7344630ca6c1a4917e55f35c729baa7d,17.400000,4
edd087ed331c3ce178ec3489b9ecf117,288.697500,8
7d50930301709838d8e90dcac5cfaa84,59.900000,41
5bd6493a2d5a384987386f2696bae33d,18.961818,11
ef5c31aee1d5074121a478b14d3eb50e,81.500000,12
8dfb2df51786c583001deb21b4a94080,398.000000,2
e76438822c17316d276c27e52e588931,24.890000,2
bb42f37fc3d9130e4a4339d24a47dd7c,44.900000,48
415dfa57292b8b7360d3f4cf2f9bff06,60.000000,1
9d0aa87e8df1bdbe0f79353520a2d538,35.658571,7
2ccd049c8e7ea210e079a1aa8ad92477,78.090909,11
c30af44af15fb162e1ee0233c7e5d583,73.000000,1
ce6f74096c84567f22728c84f3d6e7fc,111.775000,32
57fcacc3434a1f2f2b039c1b4e61f5e1,18.900000,11
e2acf075e3634e6f0c26e4e88c1bf9d7,329.900000,4
266f0c6925e7873790f11b920c701190,15.900000,2
98c2f7da94217786e372e7d85462c354,75.250000,6
ff96895c6b1d31f34b2d82f86670fa85,197.400000,4
8828464e34fc3da3892f568218e14d61,41.000000,10
33e77eecc23c25a65d10f627e5053617,122.382857,7
7ce94ab189134e2d3c05f496d635419c,13.650000,106
d9bba71d1d1ad35925593d365a2ab43e,52.000000,6
d99a9035db5875b38e59f9f55b9548f1,229.900000,3
8d39a63db6a98e40571f486e0c711cf7,139.700000,4
c19d5ba108c34b8255cf9a524da92bc4,77.647059,17
776b3debbda0734131d6046fca2cd957,48.900000,1
b1434a8f79cb3528540d9b21e686e823,151.990000,1
69ae578cb2e84390bb7c44216380ad5e,69.900000,1
9da0bebb7f9168679e748abbfad05edd,29.300000,10
87aff1d9a5e94db6840c5b963a5cef90,140.960000,10
1357d7d30c1609c50ad43a42a204286c,79.900000,3
05542c6ab7bce0a01a5f7210380e72b3,92.650000,2
2381a3052dd37f97e616bf160467acae,150.000000,1
165948b2c41e846df7d09b56826a747f,33.600000,1
bbf920aa6ac72007a726e6f419156f8f,39.900000,3
3006b8f5b476750a03137c1b2755cea1,134.894000,15
7d8e924f1da646ec896e1c0a80ef2f99,16.000000,8
b2572a992f6ea1d1a7eb518d54e64620,113.627273,11
035df2b15f358d231e00af9e62488cf4,51.400000,1
ca38c039b717207dec906f4fa9a21db7,184.185333,30
da7e1b2f8c91cbf61a22b55e8cd49bcd,76.100000,3
40161099308e1f5f784d57e2b88b31b5,98.000000,1
527e17a9217166ba1744ef81423887ba,49.900000,2
3631b85819ccd66432f8e4b5fb568cf2,19.000000,3
460a66fcc404a3d7306d5f50fcb2d18a,25.250000,6
f7ac498363699addc5ff78eadee46977,48.990000,5
10717ff440b2320081989126e858b220,139.186486,37
32a99bb84ae79a55c0e446afc9310e1e,27.300000,1
af56e0203193f066ed64cbbbbf95ae6a,89.185714,14
1eb85357e22bf0c8c2a6f10eafad8423,293.900000,6
4c99d6df98c5f4960cae6fd9f8603bd3,46.300000,1
6b7de889f456ee35f031172d358b2cd2,135.900000,4
30a47cc354b9607076272300c899dce9,55.000000,3
be837f2e0152a208d4386f4126d5bd7c,32.816667,36
9af7b4a3262141c12ba9bd489a8573c7,49.757143,14
a92930c327948861c015c919a0bcb4a8,77.968750,160
473795a355d29305c3ea6b156833adf5,55.740909,88
8bd822c04ee6a8292a7b0debc3dbd74a,99.000000,1
8877966d8f081b2857a5e293d6ecf59e,59.900000,1
d9d5e3c7a8d24dfb8968ba75e4313ac3,47.916667,3
330144665b875c2b4555f88d9f4ed7c1,198.375385,13
96bd76ec8810374ed1b65e291975717f,79.800000,1
bb50f2e236e5eea0100680137654686c,327.615385,195
c1cf8f51eac90b1ff478250b3d35c37b,32.088889,9
d3d10495159bcc41173e3d26a273529a,48.650000,5
839321c2db7b3b3eaff4944c3b052ecd,117.144000,15
a4a8ee739d3d5afba72490f748dcd0da,195.000000,1
f6fa93875f4a7dac03e0a22143f4d815,49.950000,25
aadff88486740e0b0ebe2be6c09476ae,29.900000,40
496f6bd86011e5a9ddea8dc96e802340,72.900000,7
c1488892604e4ba5cff5b4eb4d595400,38.659643,28
e44f675b60b3a3a2453ec36421e06f0f,106.536905,84
43cc8e4d981bc04b9d78b12e8a908d41,1240.000000,4
06f2166336faca73c644b11eaca22d06,105.000000,11
6d44b2c01b6843eb2e68beddf853dd82,28.740000,4
2a71952901bd77a33530d79a65b13747,39.990000,2
de7034010d180a33f04a16b235281265,28.900000,1
d05d4a7430d1293367ba2ffbedcdef05,1799.000000,1
f731f8587d4088c174397e010cf892a9,56.853667,30
6b017e0d95d8765a6f2bed3bc272c61e,59.900000,3
4debd977b5bc245487ec61b7961b16e3,12.670000,7
dce4459168283eed926d7af76ba39e02,17.900000,4
2f5895fbda5cbf713513c5b641383a97,27.900000,2
4c2065301aac51ff9004422acc07765d,98.125714,7
3a77cc438baf789ed16b12b553ce504a,29.990000,1
4e6a8880f494b097db7cf4866e0209d8,72.600000,1
bd07b66896d6f1494f5b86251848ced7,143.958000,10
89e30d3452ed2e7f8d86803da7954f05,284.800000,4
a3bd84c2a6d25ea7bc0e55c64d0760ae,199.000000,1
77f217636750a5d2e21017effe0a634d,125.000000,1
cac52d956eff0cacf32f4b0f0f3aac5c,29.808000,15
b1d207586fca400a2370d50a9ba1da98,149.000000,48
81e61097d1704e63a1d881c02d76934a,13.300000,1
99aa268744e2967e0ed6d3b22a38eff2,89.275000,8
4befae07dba4384f6d8237ad1e7f8294,329.000000,4
30ccf4724f5227265f837e9ba0246278,90.785714,28
acef497c1130f71ccfe63aaa1c9a607d,559.990000,2
0c4e43e25f781898363a83f9a7390ebb,110.162500,4
b77f596e85780e540958a58d35836e96,25.000000,1
a19b6951c75da43aad691622dd2f6abe,35.448000,60
f5badee8a0e679f057ec0ca4f0f32dcb,109.900000,16
9048cbd294fe0c1a3ec8c8248bc2cadd,73.366667,15
db123b35396aafabb2d5b476557abed5,76.900000,3
6cc44821f36f3156c782da72dd634e47,100.185714,35
7e99ab6d9d5d63b0190513103bdc1188,133.000000,2
2155593e689475e40e4c8b93143c0287,35.233333,6
e00d2c49504aeaf7acdc9ff7cf8a6107,249.990000,2
6a595ba787e397469b1a147508f361a9,179.490000,3
a819714dd23a6ac18b1be2b13686017b,51.500000,1
bdf752aa5ccd0dfb9e9ed401b672f133,84.990000,4
7535f3518e1009b17aa6e3fa553e82bc,479.000000,1
729c55b4509d36c18b86f0bacc17ca5d,23.172000,5
259bd66612b61aa4e82ce3cde9272bbc,28.888889,9
f9b178c9fdc90bbcfbd6c6b49ed47d4c,70.000000,9
aefd95d8fa48ead0bcdec7fb758daea0,22.900000,1
84db874a1a2d895b0eece26cc9bb3dd3,49.900000,1
8b52d90d2e8716dad633486c6cc94ecf,989.000000,7
7564c1759c04fc0a38f2aa84f7a370ee,44.158636,44
8569e9a17c2b63e9e6e998dac2dfa533,42.362500,4
81b6c7c058add831803fcbba6dcc1df2,108.471429,14
c4369b26f349bc301a680a89415b1344,99.900000,1
a0f12db60a5019ce1a4c21fce1697574,100.250000,8
09738baf9be60e4c294fa5d0bfcc690d,57.200000,1
20bc10f7f2776f8b2eb6b817d2df190a,29.900000,2
c92a761aaccfb831d4220d44648f260a,24.900000,6
4e0d01d5e5e4bd454e71e7cd1491c052,76.990000,5
aed75ad669fbebd5a385ac7cc2ae7573,550.000000,15
41b43381a92451746dc1374dbbd4c43e,154.990000,6
4100a608bd0aa524b06ffefba973707b,35.550000,7
45f0310974e6082deeda855f91984347,126.500000,8
ddbcffa21df7d85a96fc395a6d9ca334,35.900000,2
716586b5781e43926d404ad0f11669e8,89.000000,1
165f86fe8b799a708a20ee4ba125c289,163.494587,109
a3daee3915d4fb98376e039ede6bdea6,50.000000,18
0cf573090c66bb30ac5e53c82bdb0403,53.605882,17
4dba4de4cd67ba2191c34468ac2ca841,38.900000,1
784c94d1803e49492d2758907914b26c,109.900000,2
73bc42701d50d3c0673b38ea8fbe2e32,250.776429,14
6b20221ff09d73c64c77d9d934b9904c,59.000000,3
5a9f5760be273f3c7994beec0dbee655,69.000000,1
00ab8a8b9fe219511dc3f178c6d79698,91.240000,8
fb55982be901439613a95940feefd9ee,80.785714,84
f1b067568bb39768f754b0d1ab1abcf6,92.333333,3
25f86162fee18735fffdb762dcb10d7c,153.609677,62
d918b3f4aa5272c2c3cd088d087ca069,134.271429,21
ab1f9387c0627dd24000bfbc54fdeee0,12.900580,69
338aa2ba639b0be9950da484aac036c4,46.900000,1
8983a3b149303c013fceabef902e835a,99.000000,26
eae99ba0d11a9e56ddc878519bdb33b1,48.900000,1
169e1fedd1319ca92e90e057e7123005,68.683077,13
1e291c0c369924c39765c90de669e4b4,149.000000,2
547b95702aec86f05ac37e61d164891c,120.029412,17
91c82ace62e0ca1b69b1a45bcc214b45,183.387727,22
c7b3b8509e06ae21abdd78b541215cda,121.976923,13
8f71fe1e1b5bbb6773e7276b5c37ef65,74.300000,6
5edf955f0c8417e3fea7288360c2e22d,17.900000,1
188c9cb0aff9e485e3f84752731c633a,17.900000,1
2b10e945dae5434075c8bb2be0d17325,243.233333,3
eb53f94fdc60278efcef123bb275658a,282.400000,4
372645c7439f9661fbbacfd129aa92ec,109.382759,29
525947dbe3304ac32bf51602f9557c12,111.150000,12
e38bfda757257dee1985af625f8911fc,374.990000,2
2742ee84b28b08268f169c5483f71b4a,110.000000,1
1613b819ab5dae53aead2dbb4ebdb378,28.159265,68
3dd2a17168ec895c781a9191c1e95ad7,149.936496,274
89e53f7e4890b10cd3fabafe0e4c2989,177.650000,4
5348b1bdd951b67a4d2a58992e2233ed,27.990000,2
914c9e9af640dd56f48764a225b00f89,82.515714,28
193cea27ec2ebc61c91cf7dd70420fad,349.900000,3
cc62ab8550303ced5351594a4fd87884,29.990000,3
5b226d7c52f86ac72457617f78cff95d,60.277143,49
5fc3e6a4b52b0c414458104ed4037f1c,89.000000,23
b114bf337c0626166abe574eee9e3f32,154.592593,54
fafb498dd2f33cbb55cbd0f7d7706047,83.323333,3
461f43be3bdf8844e65b62d9ac2c7a5a,141.049452,146
4ce8f190d8026353d3d91d907ad68f23,90.000000,3
2e0ce433616916840a405d0853407af8,25.900000,7
de64d6bf725afcae6b5bb5f3304646f3,54.890000,1
a94036c0bb4dfce8d5762777c07b7be2,124.344444,9
677883eb52acde220f6d79fe67bba70a,524.922500,4
c1000786be861c72021fee27d0add9fd,54.900000,1
eec68ed7d496bb2ee6aa0a69bb78acd2,89.000000,4
8562e2c780a345b609e1b802d7e3e4ae,79.900000,46
b3cf0a98f31b76ed0cec13d9c77102c4,27.930000,13
2bfc998cf625e54b2c6447bfc7c18cb4,159.000000,1
bef21943bc2335188429e1638ef99b81,19.900000,2
4c42f0c72caf632a20df25562451c1a8,827.990000,1
80033c8e73f5b367b3809549337f0122,160.000000,1
e61b1e021d5ed7e513da1851597760cc,45.490000,2
ca5c923962558430573f83661dbe36d6,108.216216,37
fed5c40c27e1c88560a9e92d82ee0825,19.672727,22
05c693a8085dad009cebdcf2830ab738,34.990000,1
aa280035c50ba62c746480a59045eec4,35.530851,47
98e91d0f32954dcd8505875bb2b42cdb,59.964706,17
ce169d5f9421a6f21e41a7bf54d0b98e,28.000000,8
658c48e890d98bb89d28a9d5e6309676,169.000000,1
180fbb426ea5ab0708d43ad3f3839bb9,99.000000,5
ffd34459c21034d1da6df9800de0d7a3,51.610000,3
3db75f31b76375c502f64d550dcd1166,31.900000,44
cc81f952b83d2bdcfbd980e2a7249adf,16.990000,2
78304982b107fb026e5e9a4a1f48acae,134.900000,1
9f1c3e71d56894398a42b050b07f1baa,12.511111,27
f5a7d79f27ac4b76ffb13c8ee63d4f07,180.000000,3
10876ffa7227a74d878729d3f6bea35d,47.233333,3
7ada7bee4052075cf6310885da8c4392,79.000000,6
caa41bf17e27022341da028e79152c4c,46.400000,15
2b87ded5c8c2c971d4d5a2e4bd7b85bc,69.900000,2
af62192c9415dbf2b36c294762acd9ed,169.000000,2
1a2d00b771a438bee7055bbd0086e003,79.900000,7
d2f2c2b94c6ac44ece0bd0dd202c7939,40.540000,11
7aab18bec732db73232f712de3ba14fc,379.000000,2
3b9c4a90ade7d4cb7e5b5c5ba475ef9a,169.900000,1
7c4bc321009f51cefbb3877de6b98bae,184.900000,1
4d9e8a6d8d07e4f47e093b8c2999ae01,39.615000,16
ccd686475dbff77b93871eae4754526b,158.754286,7
cd82271424be9568801391194697361c,41.900000,13
1c9b5793de6c3d9117b6218552c87a8f,15.172143,14
2a211896ec7ab72cedc7939e9ffb01b4,257.130000,1
2b849e71ada03a262ef4338a7abd8b79,104.900000,10
8d98dedc3c19de17f1a090195e85d6b6,49.900000,21
85af7fadae5de53760a7d131bdf776f7,49.800000,2
dfb97c88e066dc22165f31648efe1312,139.000000,35
6ea7a562f5a6249001ce232582060265,59.000000,1
95d8de3420cf92ad4824b588db2604cf,49.900000,1
72f3781e31206029b40584266bb01799,59.900000,2
f921da19d229dad9bf3a94e86e7f7f32,104.900000,1
d285360f29ac7fd97640bf0baef03de0,257.104146,123
688ad0169550f8e2eb0307b61df3ba12,63.250000,22
e940125d0a3c309f58f41cd21e39af06,359.675000,8
a55b9bc476c34d53d8f3f27c922f6374,124.900000,7
6e7b435ac3c84fc5348dba974e184322,119.788889,9
c3002d67c0b8c6449c3a80c1556ad8c5,68.900000,5
3faadd91c89ff779e6cd1fd09a46ee39,58.000000,1
7d0e0214a0852cf0c90032c7992cf27f,64.780000,5
7f55769896fc6596e7251490b8b5e536,39.990000,11
9d6c66334a27b9dcf34b71cd371638de,69.900000,3
a233df9a388d27dbdfd31731d4236db0,2649.990000,2
ecbe401f10ecd3b822d940d63cc3311e,82.333333,9
c7b3cf9de7be95b3e09e7a63315685eb,82.413158,38
a8856d651600289b162f857e26838480,59.900000,10
3c4223262d31fa35043380da246fb0fa,58.900000,2
c977ac034427790e883ab55f4baa68c2,87.400000,2
fd1446e03cb63518fdc2d2e91f6208b2,199.000000,1
1531b09bff3fb016e5f0b4435b643672,64.500000,1
909b87db6cb3a7ab26bd03cc59860136,39.972222,36
9453bde60c4ee52155c963641736cfc5,482.857222,18
c6bf4cdc2fc9ca1189d18f026d95af07,260.000000,4
fcf19b6b1ff4a17bcd6ca9675b58aa6f,53.900000,2
d86a6c48f83b045cbba6df84926a1f25,44.945000,6
6a31191d5ac5852b0478f6e245ac5b02,119.830000,10
a00cd7752fb98e0a8382def60ecc0b17,16.510000,7
47a4d6ab2e9b253f8c3c8aefa0c40285,15.990000,1
3fa43718c1d128c8d2f148530e9493f5,74.900000,1
25d6edcd216a9ee579f19f92d694f7d5,13.682143,14
b76364870c38ddd7dcc9dd9ab5abeeb4,47.615385,13
63d6e7ab30f482382c9dfbbccae7da54,83.384000,20
61194019f380f0b760c31e66ee97e50d,71.300000,1
209699610264262664b7357184f3b83f,72.966667,3
dd3575a8c5e2139f680a9816a15c8f2a,234.166667,6
f62cbf4416c9ef8e1b4e8d5279891f24,13.650000,18
5232994b2d1d55105b92d445d97d0f62,125.000000,1
49ebaaba28aca545f9a5ff9fc17ae988,25.990000,2
921d31a1daa51460b7a95ea5f3ab64d5,89.892750,40
2dd91cf063cf57cb0eebef072746daab,110.320000,11
eb6913790ee61d3d4d8dffcbbedea827,29.900000,11
42737e3759311804e830f222c6135e30,379.000000,2
e71435b372f90893385344e8be3a7696,99.990000,1
8d4e92265a16e69a1e1d76e67e46d72f,1350.000000,1
4413a608a42bd21bbf9d5abbd58c249a,158.617451,51
2fd89f236e3e8f4b81b7b74f09f40186,34.632857,14
0f5d0170c03b333aa1a44fa11e040e75,69.900000,2
0a4093a4af429dc0a9334300e5c13ae5,29.900000,44
49bfa76ac7062b8b5a0bf9601623d612,30.490000,3
25e2023ed83352bde98dc1490d14c3d8,111.085152,33
993245facdeea0014e73a3e18750c123,125.000000,5
2c7f01e4f39f8ca21caddb86374d7b4b,235.333333,3
5f8c74f4a3d2b616857fcb7d4dd1f61a,116.300000,3
2b3b11d70c32fbfc8e850fb68985a000,89.990000,3
f1c7f353075ce59d8a6f3cf58f419c9c,194.788052,154
964093075b6885bfcc6520dd216e4d8f,25.000000,10
1a405418406359cc2b8815f93bf359c2,133.378261,23
60e77eeb5275ed33a04d1fd482feaac8,42.990000,5
542b3d80712d51eefe3a3cd1c5f4e8fe,40.500000,25
a56b51724402d77b13ba844e67130c4a,66.300000,2
86b8032cbb666ec9ca1f2aa4d4cace06,65.900000,12
b4183f86c9a0c7a13138ff4575114f76,57.700000,2
06c6e01186af8b98ee1fc9e01f9471e9,37.733333,60
0a6cff78b203b5224378cf8db2dff5a6,158.000000,1
8aa6223e400af9c97b07c75993142721,175.740833,48
d9440686faf90019c12440cb9c783e4d,52.390000,1
ccc61dc31608c5b78cf0cbe85582fb77,139.900000,2
e0cf79767c5b016251fe139915c59a26,29.900000,137
186fe07c8b8005ec6a498587ffbc1352,29.000000,36
1a300f482e35d7eac74b229be067aefd,21.420000,21
f9d151cf2fc10d41cce64b782856320f,21.605455,11
130482add9fd75ccb6c57ba007694a2d,105.000000,49
6d2c14b30e95a30ea57059b97cdd9fe7,49.990000,1
764292b2b0f73f77a0272be03fdd45f3,91.303509,57
0f3777229e40207d248acfd6e1f716b6,187.042857,7
095cb863f2b04911455ad33f5177062e,53.536364,11
8817f0cda3d5b42e5f949ee3be9dc80c,13.990000,8
aa74ebe862c9061d4272681810675a01,97.000000,1
4c1e109ecdf58453de365d217cefa64c,122.850000,20
200b6dfc80a2ec5fee97a72da6589698,30.900000,1
be764855458cd43b36c334faa773f7d5,126.790000,2
9ea1152d6d52dc57ab2ea49aa626adc1,53.806923,13
79a8800eb81425242b64f54f687f9af3,59.900000,1
4b5e26931a0b0d3a690a3f520329a975,213.888889,18
566f6035da0eb2a5d974ac66ae6d148c,21.990000,1
3516632e8f52b679ff83d1665ecc990e,75.642105,19
0b6a32b32a7dc68b12e8a0e0805c44d5,195.900000,7
a7ca7fd9bf5015bfeecc4010e8fa4ce7,130.000000,3
625dac8156b3157351e7257305148f3f,25.977500,8
99f265229d46f700208ad7cb1ff48aae,35.552500,32
3104dbf304c25fa1812a11ad924f8b57,49.900000,1
e5178e8bcef1146c07bf05c267ed1729,45.990000,3
2ec8497962cc5f7730756635a5cbbf16,32.900000,3
ed7090839f8e749840a20f1c1cc78717,191.558333,6
ce8a29973a1fed3f8d22ea5514d9ea07,19.900000,7
a76d6212f99d1253fb7bcfe02ce87d8a,9.000000,5
17823ffd2de8234f0e885a71109613a4,269.990000,11
2ea92fab7565c4fe9f91a5e4e1756258,77.350000,16
c3c075d20bbf03a458eb5c4458d82380,109.900000,1
294d41c2e68c3452a16c269c5a969537,198.180000,2
f63e5eb82736ac58d9d286f64fe5c44f,25.990000,3
caa526308abc9a77d0c56869139dbae9,19.450000,2
39f9ab5ea27485a4c3d32ee4c45630d8,126.000000,1
8016b7670842c9e99086f95ca96d7356,319.000000,2
a8b0dd2c57b49b649373ff5a495a697e,134.000000,15
84d2057bc1f88332d0892eea0e997d28,27.561429,14
31b8c37adb9572ed34757d9368d987ac,49.000000,5
056010e0e6196d99309275e1b2d12c80,44.000000,2
9fdc434e0c81bc6d990065c2a7efb4de,29.300000,5
7b52ce3d6635ac7eb9d2bbb3dc931843,42.950000,5
2bb3e85f2a403543fdb64e266e70c792,344.587500,16
77fa3381855b6763c52ca3b72824f508,49.000000,18
9c0f79b9daf5436386477b4e17b94389,150.000000,3
09c3a2ea33f044aebffecd6681e00133,55.570000,14
8c591ab0ca519558779df02023177f44,102.781135,141
e30d5b80f5e85b8f9e7c627b5d594b38,39.000000,4
879f3fcede3745f74eef673bf8d5805a,31.000000,2
ef66e63137bdd1b2e44aa968646fc1e3,34.789600,25
